Car_Name                    ,Variant                            ,Kilometers ,Fuel_Type ,Transmission ,EMI              ,Price_original ,Price
2016 Hyundai Grand i10      ,SPORTZ 1.2 KAPPA VTVT              ,34.11k km  ,Petrol    ,Manual       ,"EMI ₹6,549/m*"  ,₹3.58L         ,₹3.35 lakh
2018 Hyundai Verna          ,1.6 VTVT SX (O) AT                 ,30.23k km  ,Petrol    ,Auto         ,"EMI ₹13,064/m*" ,₹7.83L         ,₹6.68 lakh
2018 Hyundai Grand i10      ,SPORTZ 1.2 KAPPA VTVT              ,63.23k km  ,Petrol    ,Manual       ,"EMI ₹6,843/m*"  ,₹3.85L         ,₹3.50 lakh
2014 Hyundai Xcent          ,SX 1.2                             ,96.90k km  ,Petrol    ,Manual       ,"EMI ₹7,900/m*"  ,₹3.17L         ,₹3.00 lakh
2020 Hyundai GRAND I10 NIOS ,SPORTZ AMT 1.2 KAPPA VTVT          ,40.15k km  ,Petrol    ,Auto         ,"EMI ₹8,895/m*"  ,₹4.55 lakh     ,
2018 Hyundai Elite i20      ,ASTA 1.2 (O)                       ,1.1L km    ,Petrol    ,Manual       ,"EMI ₹7,891/m*"  ,₹3.96L         ,₹3.55 lakh
2023 Hyundai EXTER          ,SX 1.2 AMT                         ,8.80k km   ,Petrol    ,Auto         ,"EMI ₹14,607/m*" ,₹7.72L         ,₹7.47 lakh
2019 Hyundai Creta          ,SX (O) 1.6 PETROL                  ,63.75k km  ,Petrol    ,Manual       ,"EMI ₹15,798/m*" ,₹8.48L         ,₹8.30 lakh
2021 Hyundai NEW I20 N LINE ,N6 1.0 TURBO GDI IMT               ,11.86k km  ,Petrol    ,Manual       ,"EMI ₹13,392/m*" ,₹6.85 lakh     ,
2016 Hyundai Creta          ,SX PLUS AT 1.6 PETROL              ,69.95k km  ,Petrol    ,Auto         ,"EMI ₹11,535/m*" ,₹6.77L         ,₹5.90 lakh
2020 Hyundai AURA           ,SX PLUS 1.2 AMT CRDI               ,57.70k km  ,Diesel    ,Auto         ,"EMI ₹10,601/m*" ,₹6.88L         ,₹5.42 lakh
2019 Hyundai Xcent          ,SX 1.2                             ,1.3L km    ,CNG       ,Manual       ,"EMI ₹7,897/m*"  ,₹3.99L         ,₹3.55 lakh
2019 Hyundai Grand i10      ,MAGNA 1.2 KAPPA VTVT CNG           ,58.08k km  ,CNG       ,Manual       ,"EMI ₹7,038/m*"  ,₹3.92L         ,₹3.60 lakh
2016 Hyundai Grand i10      ,ASTA (O) 1.2 KAPPA VTVT            ,57.73k km  ,Petrol    ,Manual       ,"EMI ₹6,199/m*"  ,₹3.82L         ,₹3.17 lakh
2023 Hyundai EXTER          ,SX 1.2 AMT                         ,6.84k km   ,Petrol    ,Auto         ,"EMI ₹14,702/m*" ,₹8.23L         ,₹7.52 lakh
2016 Hyundai Elite i20      ,ASTA 1.2                           ,28.16k km  ,Petrol    ,Manual       ,"EMI ₹7,429/m*"  ,₹3.80 lakh     ,
2012 Hyundai i10            ,MAGNA 1.1                          ,43.17k km  ,CNG       ,Manual       ,₹2.18L           ,₹2.18L         ,₹2.10 lakh
2021 Hyundai New Elantra    ,2.0 S PETROL                       ,25.17k km  ,Petrol    ,Manual       ,"EMI ₹15,418/m*" ,₹12.50L        ,₹8.10 lakh
2018 Hyundai NEW SANTRO     ,SPORTZ CNG                         ,38.04k km  ,CNG       ,Manual       ,"EMI ₹6,491/m*"  ,₹4.07L         ,₹3.32 lakh
2021 Hyundai AURA           ,S 1.2                              ,56.76k km  ,Petrol    ,Manual       ,"EMI ₹9,580/m*"  ,₹5.28L         ,₹4.90 lakh
2015 Hyundai Grand i10      ,ASTA 1.2 KAPPA VTVT                ,47.91k km  ,Petrol    ,Manual       ,"EMI ₹6,228/m*"  ,₹3.39L         ,₹2.80 lakh
2021 Hyundai AURA           ,S 1.2                              ,51.01k km  ,CNG       ,Manual       ,"EMI ₹10,137/m*" ,₹6.37L         ,₹5.18 lakh
2024 Hyundai AURA           ,S 1.2                              ,28.90k km  ,Petrol    ,Manual       ,"EMI ₹11,380/m*" ,₹7.02L         ,₹5.82 lakh
2022 Hyundai GRAND I10 NIOS ,ASTA AMT 1.2 KAPPA VTVT            ,34.02k km  ,Petrol    ,Auto         ,"EMI ₹10,950/m*" ,₹7.21L         ,₹5.60 lakh
2015 Hyundai Xcent          ,S 1.2                              ,66.76k km  ,Petrol    ,Manual       ,"EMI ₹6,111/m*"  ,₹3.31L         ,₹2.75 lakh
2017 Hyundai Creta          ,SX PLUS 1.6 DIESEL SPECIAL EDITION ,76.40k km  ,Diesel    ,Manual       ,"EMI ₹13,528/m*" ,₹8.54L         ,₹6.92 lakh
2017 Hyundai Grand i10      ,SPORTZ (O) AT 1.2 KAPPA VTVT       ,23.60k km  ,Petrol    ,Auto         ,"EMI ₹8,016/m*"  ,₹4.32L         ,₹4.10 lakh
2013 Hyundai Grand i10      ,MAGNA 1.2 KAPPA VTVT               ,1.3L km    ,CNG       ,Manual       ,"EMI ₹19,991/m*" ,₹2.76L         ,₹2.25 lakh
2019 Hyundai GRAND I10 NIOS ,ASTA 1.2 KAPPA VTVT                ,37.61k km  ,CNG       ,Manual       ,"EMI ₹9,971/m*"  ,₹6.16L         ,₹5.10 lakh
2021 Hyundai VENUE          ,S 1.2                              ,24.98k km  ,Petrol    ,Manual       ,"EMI ₹12,121/m*" ,₹6.20 lakh     ,
2017 Hyundai Verna          ,1.6 VTVT SX (O) AT                 ,72.28k km  ,Petrol    ,Auto         ,"EMI ₹11,571/m*" ,₹6.79L         ,₹5.92 lakh
2019 Hyundai VENUE          ,S 1.0 TURBO DCT                    ,46.45k km  ,Petrol    ,Auto         ,"EMI ₹13,685/m*" ,₹9.86L         ,₹7.00 lakh
2015 Hyundai Xcent          ,S 1.2                              ,71.70k km  ,Petrol    ,Manual       ,"EMI ₹6,857/m*"  ,₹3.20L         ,₹3.08 lakh
2020 Hyundai VENUE          ,SX 1.0 TURBO IMT                   ,63.77k km  ,Petrol    ,Manual       ,"EMI ₹13,426/m*" ,₹7.50L         ,₹6.87 lakh
2015 Hyundai Verna          ,FLUIDIC 1.6 CRDI SX 4S             ,62.61k km  ,Diesel    ,Manual       ,"EMI ₹13,429/m*" ,₹7.02L         ,₹5.10 lakh
2013 Hyundai Eon            ,MAGNA +                            ,47.06k km  ,Petrol    ,Manual       ,"EMI ₹6,477/m*"  ,₹2.57L         ,₹1.95 lakh
2017 Hyundai Xcent          ,E+                                 ,1.0L km    ,Petrol    ,Manual       ,"EMI ₹6,731/m*"  ,₹4.39L         ,₹3.03 lakh
2017 Hyundai Creta          ,SX PLUS 1.6 PETROL                 ,49.69k km  ,Petrol    ,Manual       ,"EMI ₹11,665/m*" ,₹6.65L         ,₹5.97 lakh
2018 Hyundai Elite i20      ,ASTA 1.2                           ,54.37k km  ,Petrol    ,Manual       ,"EMI ₹9,780/m*"  ,₹5.23L         ,₹5.00 lakh
2015 Hyundai Elite i20      ,MAGNA 1.2                          ,99.66k km  ,Petrol    ,Manual       ,"EMI ₹7,007/m*"  ,₹3.55L         ,₹3.15 lakh
2016 Hyundai Creta          ,SX 1.6 DIESEL                      ,98.67k km  ,Diesel    ,Manual       ,"EMI ₹13,391/m*" ,₹7.05L         ,₹6.02 lakh
2018 Hyundai Verna          ,1.6 VTVT SX (O) AT                 ,69.47k km  ,Petrol    ,Auto         ,"EMI ₹13,087/m*" ,₹6.94L         ,₹6.69 lakh
2021 Hyundai NEW SANTRO     ,ASTA MT                            ,39.33k km  ,Petrol    ,Manual       ,"EMI ₹7,440/m*"  ,₹4.66L         ,₹3.81 lakh
2015 Hyundai Creta          ,SX PLUS 1.6 PETROL                 ,87.77k km  ,Petrol    ,Manual       ,"EMI ₹12,568/m*" ,₹5.82L         ,₹5.65 lakh
2021 Hyundai NEW I20        ,ASTA (O) 1.0 TURBO GDI DCT         ,31.68k km  ,Petrol    ,Auto         ,"EMI ₹14,282/m*" ,₹8.43L         ,₹7.31 lakh
2019 Hyundai Creta          ,E PLUS 1.6 PETROL                  ,42.44k km  ,Petrol    ,Manual       ,"EMI ₹13,006/m*" ,₹7.52L         ,₹6.65 lakh
2017 Hyundai Creta          ,SX PLUS 1.6 PETROL                 ,43.58k km  ,Petrol    ,Manual       ,"EMI ₹12,863/m*" ,₹6.83L         ,₹6.58 lakh
2020 Hyundai VENUE          ,SX 1.0 TURBO IMT                   ,64.85k km  ,Petrol    ,Manual       ,"EMI ₹12,899/m*" ,₹7.07L         ,₹6.60 lakh
2022 Hyundai NEW I20        ,ASTA (O) 1.2 AT                    ,30.04k km  ,Petrol    ,Auto         ,"EMI ₹15,513/m*" ,₹9.28L         ,₹8.15 lakh
2020 Hyundai VENUE          ,SX 1.0 TURBO IMT                   ,72.27k km  ,Petrol    ,Manual       ,"EMI ₹12,166/m*" ,₹7.38L         ,₹6.22 lakh
2013 Hyundai i20            ,SPORTZ 1.2                         ,30.92k km  ,Petrol    ,Manual       ,"EMI ₹9,134/m*"  ,₹2.75 lakh     ,
2014 Hyundai Grand i10      ,SPORTZ 1.2 KAPPA VTVT              ,33.52k km  ,Petrol    ,Manual       ,"EMI ₹7,242/m*"  ,₹2.75 lakh     ,
2016 Hyundai Xcent          ,S 1.2                              ,1.1L km    ,Petrol    ,Manual       ,"EMI ₹7,563/m*"  ,₹3.87L         ,₹3.40 lakh
2016 Hyundai Creta          ,SX PLUS 1.6 PETROL                 ,81.04k km  ,Petrol    ,Manual       ,"EMI ₹10,068/m*" ,₹5.92L         ,₹5.15 lakh
2022 Hyundai VENUE          ,SX 1.0 (O) TURBO IMT               ,22.47k km  ,Petrol    ,Manual       ,"EMI ₹16,274/m*" ,₹9.16L         ,₹8.55 lakh
2014 Hyundai Grand i10      ,ASTA 1.2 KAPPA VTVT                ,34.46k km  ,Petrol    ,Manual       ,"EMI ₹8,295/m*"  ,₹3.33L         ,₹3.15 lakh
2021 Hyundai VENUE          ,SX 1.0 TURBO IMT                   ,38.02k km  ,Petrol    ,Manual       ,"EMI ₹13,783/m*" ,₹7.63L         ,₹7.05 lakh
2019 Hyundai VENUE          ,SX 1.0 TURBO                       ,71.15k km  ,Petrol    ,Manual       ,"EMI ₹12,121/m*" ,₹6.44L         ,₹6.20 lakh
2021 Hyundai VENUE          ,S 1.2                              ,28.41k km  ,Petrol    ,Manual       ,"EMI ₹11,535/m*" ,₹5.90 lakh     ,
2018 Hyundai Grand i10      ,MAGNA U2 1.2 CRDI                  ,50.83k km  ,Diesel    ,Manual       ,"EMI ₹8,213/m*"  ,₹4.20 lakh     ,
2019 Hyundai Elite i20      ,ASTA 1.2 (O)                       ,90.54k km  ,Petrol    ,Manual       ,"EMI ₹10,068/m*" ,₹5.31L         ,₹5.15 lakh
2021 Hyundai GRAND I10 NIOS ,SPORTZ 1.2 KAPPA VTVT CNG          ,45.47k km  ,CNG       ,Manual       ,"EMI ₹10,166/m*" ,₹5.34L         ,₹5.20 lakh
2015 Hyundai Grand i10      ,SPORTZ 1.2 KAPPA VTVT              ,40.82k km  ,Petrol    ,Manual       ,"EMI ₹6,896/m*"  ,₹3.10 lakh     ,
2017 Hyundai Creta          ,E PLUS 1.4 DIESEL                  ,49.97k km  ,Diesel    ,Manual       ,"EMI ₹14,218/m*" ,₹7.27 lakh     ,
2014 Hyundai Elite i20      ,SPORTZ 1.2                         ,43.32k km  ,Petrol    ,Manual       ,"EMI ₹9,085/m*"  ,₹3.45 lakh     ,
2020 Hyundai AURA           ,SX PLUS 1.2 AMT                    ,23.94k km  ,Petrol    ,Auto         ,"EMI ₹10,753/m*" ,₹5.96L         ,₹5.50 lakh
2013 Hyundai Grand i10      ,MAGNA 1.2 KAPPA VTVT               ,87.55k km  ,Petrol    ,Manual       ,"EMI ₹8,650/m*"  ,₹2.60 lakh     ,
2012 Hyundai Eon            ,ERA                                ,69.24k km  ,Petrol    ,Manual       ,"EMI ₹4,801/m*"  ,₹1.02 lakh     ,
2012 Hyundai Eon            ,ERA +                              ,34.76k km  ,Petrol    ,Manual       ,"EMI ₹5,602/m*"  ,₹1.19 lakh     ,
2017 Hyundai Eon            ,MAGNA +                            ,31.11k km  ,Petrol    ,Manual       ,"EMI ₹5,142/m*"  ,₹2.63 lakh     ,
2014 Hyundai Grand i10      ,SPORTZ 1.2 KAPPA VTVT              ,45.25k km  ,Petrol    ,Manual       ,"EMI ₹7,242/m*"  ,₹2.75 lakh     ,
2016 Hyundai Verna          ,FLUIDIC 4S1.6 VTVT SX AT           ,42.24k km  ,Petrol    ,Auto         ,"EMI ₹8,504/m*"  ,₹4.35 lakh     ,
2012 Hyundai i20            ,ASTA 1.2                           ,1.1L km    ,Petrol    ,Manual       ,"EMI ₹9,933/m*"  ,₹2.11 lakh     ,
2016 Hyundai Grand i10      ,SPORTZ 1.2 KAPPA VTVT              ,13.34k km  ,Petrol    ,Manual       ,"EMI ₹7,038/m*"  ,₹3.60 lakh     ,
2010 Hyundai i20            ,MAGNA 1.2                          ,1.5L km    ,Petrol    ,Manual       ,₹1.32 lakh       ,₹1.32 lakh     ,
2012 Hyundai Eon            ,MAGNA +                            ,94.16k km  ,Petrol    ,Manual       ,"EMI ₹8,756/m*"  ,₹1.86 lakh     ,
2011 Hyundai i10            ,SPORTZ 1.2                         ,89.20k km  ,Petrol    ,Manual       ,"EMI ₹12,883/m*" ,₹1.45 lakh     ,
2017 Hyundai Creta          ,SX PLUS AT 1.6 DIESEL              ,63.36k km  ,Diesel    ,Auto         ,"EMI ₹14,663/m*" ,₹7.50 lakh     ,
2020 Hyundai VENUE          ,E 1.2                              ,35.43k km  ,Petrol    ,Manual       ,"EMI ₹11,417/m*" ,₹5.84 lakh     ,
2018 Hyundai Verna          ,1.6 VTVT SX (O) AT                 ,58.41k km  ,Petrol    ,Auto         ,"EMI ₹10,968/m*" ,₹5.61 lakh     ,
2013 Hyundai i10            ,MAGNA 1.1                          ,31.48k km  ,Petrol    ,Manual       ,"EMI ₹6,078/m*"  ,₹1.83 lakh     ,
2012 Hyundai i10            ,ERA 1.1                            ,60.00k km  ,Petrol    ,Manual       ,"EMI ₹8,944/m*"  ,₹1.90 lakh     ,
2016 Hyundai Elite i20      ,SPORTZ 1.2                         ,59.33k km  ,Petrol    ,Manual       ,"EMI ₹7,058/m*"  ,₹3.61 lakh     ,
2012 Hyundai Eon            ,SPORTZ                             ,43.87k km  ,Petrol    ,Manual       ,"EMI ₹6,590/m*"  ,₹1.40 lakh     ,
2013 Hyundai i10            ,SPORTZ 1.1 LPG                     ,51.44k km  ,Petrol    ,Manual       ,"EMI ₹6,975/m*"  ,₹2.10 lakh     ,
2017 Hyundai Grand i10      ,MAGNA 1.2 KAPPA VTVT               ,41.45k km  ,Petrol    ,Manual       ,"EMI ₹5,784/m*"  ,₹2.60 lakh     ,
2012 Hyundai Verna          ,FLUIDIC 1.6 CRDI SX                ,90.00k km  ,Diesel    ,Manual       ,"EMI ₹20,524/m*" ,₹2.31 lakh     ,
2020 Hyundai NEW SANTRO     ,SPORTZ MT                          ,4.41k km   ,Petrol    ,Manual       ,"EMI ₹6,139/m*"  ,₹3.14 lakh     ,
2013 Hyundai Verna          ,FLUIDIC 1.6 VTVT EX                ,60.00k km  ,Petrol    ,Manual       ,"EMI ₹7,141/m*"  ,₹2.15 lakh     ,
2017 Hyundai Elite i20      ,MAGNA 1.2                          ,63.90k km  ,Petrol    ,Manual       ,"EMI ₹7,331/m*"  ,₹3.75 lakh     ,
2017 Hyundai i20 Active     ,1.4 SX                             ,1.1L km    ,Diesel    ,Manual       ,"EMI ₹9,320/m*"  ,₹4.19 lakh     ,
2012 Hyundai i10            ,MAGNA 1.1                          ,17.90k km  ,Petrol    ,Manual       ,"EMI ₹11,768/m*" ,₹2.75L         ,₹2.50 lakh
2013 Hyundai i20            ,MAGNA 1.2                          ,58.70k km  ,Petrol    ,Manual       ,"EMI ₹5,979/m*"  ,₹2.25L         ,₹1.80 lakh
2021 Hyundai VENUE          ,SX 1.5 CRDI                        ,45.52k km  ,Diesel    ,Manual       ,"EMI ₹15,836/m*" ,₹8.32 lakh     ,
2011 Hyundai Verna          ,FLUIDIC 1.6 VTVT SX                ,82.16k km  ,Petrol    ,Manual       ,"EMI ₹13,327/m*" ,₹1.50 lakh     ,
2012 Hyundai i10            ,ERA 1.1                            ,36.63k km  ,Petrol    ,Manual       ,"EMI ₹10,780/m*" ,₹2.29 lakh     ,
2014 Hyundai i10            ,SPORTZ 1.1                         ,55.37k km  ,Petrol    ,Manual       ,"EMI ₹7,663/m*"  ,₹2.91 lakh     ,
2022 Hyundai VENUE          ,SX 1.2 PETROL                      ,25.69k km  ,Petrol    ,Manual       ,"EMI ₹15,817/m*" ,₹8.31 lakh     ,
2022 Hyundai VENUE          ,SX PLUS 1.0 TURBO DCT              ,39.76k km  ,Petrol    ,Auto         ,"EMI ₹16,655/m*" ,₹8.75 lakh     ,
2012 Hyundai i20            ,SPORTZ 1.2                         ,66.20k km  ,Petrol    ,Manual       ,"EMI ₹9,415/m*"  ,₹2.00 lakh     ,
2012 Hyundai i20            ,SPORTZ 1.2                         ,35.70k km  ,Petrol    ,Manual       ,"EMI ₹10,874/m*" ,₹2.31 lakh     ,
2018 Hyundai Elite i20      ,MAGNA EXECUTIVE 1.2                ,41.69k km  ,Petrol    ,Manual       ,"EMI ₹7,488/m*"  ,₹3.83 lakh     ,
2013 Hyundai i20            ,MAGNA 1.2                          ,21.81k km  ,Petrol    ,Manual       ,"EMI ₹11,691/m*" ,₹3.52 lakh     ,
2012 Hyundai i20            ,ASTA 1.2                           ,1.2L km    ,Petrol    ,Manual       ,"EMI ₹11,910/m*" ,₹2.53 lakh     ,
2013 Hyundai i10            ,ERA 1.1                            ,21.30k km  ,Petrol    ,Manual       ,"EMI ₹5,248/m*"  ,₹1.58 lakh     ,
2014 Hyundai i10            ,SPORTZ 1.1                         ,96.56k km  ,Petrol    ,Manual       ,"EMI ₹6,662/m*"  ,₹2.53 lakh     ,
2014 Hyundai Eon            ,SPORTZ                             ,69.31k km  ,Petrol    ,Manual       ,"EMI ₹3,608/m*"  ,₹1.37 lakh     ,
2013 Hyundai i10            ,MAGNA 1.2                          ,39.22k km  ,Petrol    ,Manual       ,"EMI ₹5,281/m*"  ,₹1.59 lakh     ,
2016 Hyundai Elite i20      ,SPORTZ 1.2                         ,67.90k km  ,Petrol    ,Manual       ,"EMI ₹6,999/m*"  ,₹3.58 lakh     ,
2011 Hyundai i20            ,SPORTZ 1.2                         ,99.31k km  ,Petrol    ,Manual       ,"EMI ₹13,949/m*" ,₹1.57 lakh     ,
2013 Hyundai i10            ,ERA 1.1                            ,87.01k km  ,Petrol    ,Manual       ,"EMI ₹4,816/m*"  ,₹1.45 lakh     ,
2012 Hyundai i20            ,SPORTZ 1.2                         ,75.06k km  ,Petrol    ,Manual       ,"EMI ₹6,967/m*"  ,₹1.48 lakh     ,
2013 Hyundai i20            ,MAGNA 1.2                          ,73.10k km  ,Petrol    ,Manual       ,"EMI ₹6,311/m*"  ,₹1.90 lakh     ,
2013 Hyundai i20            ,SPORTZ 1.2                         ,32.56k km  ,Petrol    ,Manual       ,"EMI ₹6,942/m*"  ,₹2.09 lakh     ,
2012 Hyundai i10            ,SPORTZ 1.2 AT                      ,7.55k km   ,Petrol    ,Auto         ,"EMI ₹10,168/m*" ,₹2.16 lakh     ,
2012 Hyundai i20            ,SPORTZ 1.2                         ,61.90k km  ,Petrol    ,Manual       ,"EMI ₹11,721/m*" ,₹2.49 lakh     ,
2017 Hyundai Verna          ,1.6 VTVT SX O                      ,77.19k km  ,Petrol    ,Manual       ,"EMI ₹11,593/m*" ,₹5.93 lakh     ,
2012 Hyundai i10            ,SPORTZ 1.2                         ,46.31k km  ,Petrol    ,Manual       ,"EMI ₹7,579/m*"  ,₹1.61 lakh     ,
2012 Hyundai Verna          ,FLUIDIC 1.6 VTVT SX                ,76.89k km  ,Petrol    ,Manual       ,"EMI ₹12,522/m*" ,₹2.66 lakh     ,
2011 Hyundai Verna          ,FLUIDIC 1.6 VTVT SX                ,87.00k km  ,Petrol    ,Manual       ,"EMI ₹16,881/m*" ,₹2.00L         ,₹1.90 lakh
2016 Hyundai Verna          ,1.6 VTVT SX AT                     ,62.58k km  ,Petrol    ,Auto         ,"EMI ₹12,560/m*" ,₹6.42 lakh     ,
2024 Hyundai Creta          ,E 1.5 PETROL                       ,13.28k km  ,Petrol    ,Manual       ,"EMI ₹19,986/m*" ,₹10.50 lakh    ,
2010 Hyundai i20            ,MAGNA 1.2                          ,48.83k km  ,Petrol    ,Manual       ,₹1.36 lakh       ,₹1.36 lakh     ,
2012 Hyundai i20            ,MAGNA 1.2                          ,87.48k km  ,Petrol    ,Manual       ,"EMI ₹6,120/m*"  ,₹1.40L         ,₹1.30 lakh
2011 Hyundai i20            ,MAGNA 1.2                          ,73.47k km  ,Petrol    ,Manual       ,"EMI ₹11,995/m*" ,₹1.35 lakh     ,
2011 Hyundai i10            ,SPORTZ 1.2                         ,44.37k km  ,Petrol    ,Manual       ,"EMI ₹13,860/m*" ,₹1.56 lakh     ,
2010 Hyundai i20            ,SPORTZ 1.2                         ,1.1L km    ,Petrol    ,Manual       ,₹1.51 lakh       ,₹1.51 lakh     ,
2017 Hyundai Grand i10      ,ASTA 1.2 KAPPA VTVT                ,18.29k km  ,Petrol    ,Manual       ,"EMI ₹6,803/m*"  ,₹3.48 lakh     ,
2014 Hyundai Xcent          ,S 1.2                              ,98.00k km  ,Petrol    ,Manual       ,"EMI ₹8,954/m*"  ,₹3.40 lakh     ,
2012 Hyundai i20            ,SPORTZ 1.2                         ,90.77k km  ,Petrol    ,Manual       ,"EMI ₹7,532/m*"  ,₹1.60 lakh     ,
2011 Hyundai i20            ,ASTA 1.2                           ,1.4L km    ,Petrol    ,Manual       ,"EMI ₹14,660/m*" ,₹1.70L         ,₹1.65 lakh
2010 Hyundai i10            ,ASTA 1.2                           ,78.52k km  ,Petrol    ,Manual       ,₹0.97 lakh       ,₹0.97 lakh     ,
2011 Hyundai i20            ,ASTA 1.2                           ,67.55k km  ,Petrol    ,Manual       ,"EMI ₹15,815/m*" ,₹1.78 lakh     ,
2017 Hyundai Grand i10      ,SPORTZ (O) AT 1.2 KAPPA VTVT       ,42.88k km  ,Petrol    ,Auto         ,"EMI ₹5,865/m*"  ,₹3.00 lakh     ,
2021 Hyundai VENUE          ,S+ 1.2                             ,41.64k km  ,Petrol    ,Manual       ,"EMI ₹12,121/m*" ,₹6.40L         ,₹6.20 lakh
2013 Hyundai i20            ,SPORTZ 1.2                         ,76.42k km  ,Petrol    ,Manual       ,"EMI ₹7,971/m*"  ,₹2.40 lakh     ,
2010 Hyundai i10            ,SPORTZ 1.2                         ,1.0L km    ,Petrol    ,Manual       ,₹1.02 lakh       ,₹1.02 lakh     ,
2011 Hyundai i20            ,ASTA 1.2                           ,88.62k km  ,Petrol    ,Manual       ,"EMI ₹12,439/m*" ,₹1.40 lakh     ,
2013 Hyundai i20            ,ASTA 1.2                           ,82.78k km  ,Petrol    ,Manual       ,"EMI ₹6,178/m*"  ,₹1.86 lakh     ,
2013 Hyundai i20            ,MAGNA 1.2                          ,33.18k km  ,Petrol    ,Manual       ,"EMI ₹9,533/m*"  ,₹2.87 lakh     ,
2013 Hyundai i20            ,ASTA 1.2                           ,80.29k km  ,Petrol    ,Manual       ,"EMI ₹9,034/m*"  ,₹2.72 lakh     ,
2010 Hyundai i10            ,SPORTZ 1.2                         ,68.40k km  ,Petrol    ,Manual       ,₹1.21 lakh       ,₹1.21 lakh     ,
2012 Hyundai i20            ,ASTA 1.4 CRDI                      ,1.5L km    ,Diesel    ,Manual       ,"EMI ₹22,390/m*" ,₹2.52 lakh     ,
2011 Hyundai i20            ,MAGNA (O) 1.2                      ,61.11k km  ,Petrol    ,Manual       ,"EMI ₹14,571/m*" ,₹1.64 lakh     ,
2013 Hyundai i10            ,SPORTZ 1.2 AT                      ,74.28k km  ,Petrol    ,Auto         ,"EMI ₹6,444/m*"  ,₹1.94 lakh     ,
2010 Hyundai i20            ,MAGNA (O) 1.2                      ,23.52k km  ,Petrol    ,Manual       ,₹1.33 lakh       ,₹1.33 lakh     ,
2014 Hyundai i20            ,MAGNA (O) 1.2                      ,31.72k km  ,Petrol    ,Manual       ,"EMI ₹7,110/m*"  ,₹2.70 lakh     ,
2010 Hyundai i20            ,SPORTZ 1.2                         ,48.84k km  ,Petrol    ,Manual       ,₹1.28 lakh       ,₹1.28 lakh     ,
2011 Hyundai Accent         ,GLE                                ,96.08k km  ,Petrol    ,Manual       ,"EMI ₹10,751/m*" ,₹1.21 lakh     ,
2015 Hyundai Elite i20      ,SPORTZ 1.2                         ,42.15k km  ,Petrol    ,Manual       ,"EMI ₹7,296/m*"  ,₹3.28 lakh     ,
2010 Hyundai i20            ,SPORTZ 1.2                         ,82.00k km  ,Petrol    ,Manual       ,₹1.40 lakh       ,₹1.40 lakh     ,
2015 Hyundai Elite i20      ,ASTA 1.2                           ,75.83k km  ,Petrol    ,Manual       ,"EMI ₹8,297/m*"  ,₹3.73 lakh     ,
2012 Hyundai Verna          ,FLUIDIC 1.6 VTVT EX                ,58.10k km  ,Petrol    ,Manual       ,"EMI ₹12,380/m*" ,₹2.63 lakh     ,
2018 Hyundai Grand i10      ,MAGNA 1.2 KAPPA VTVT               ,1.2L km    ,Petrol    ,Manual       ,"EMI ₹7,096/m*"  ,₹3.19 lakh     ,
2015 Hyundai i10            ,MAGNA 1.1                          ,62.66k km  ,Petrol    ,Manual       ,"EMI ₹6,073/m*"  ,₹2.73 lakh     ,
2012 Hyundai i10            ,SPORTZ 1.2 AT                      ,65.21k km  ,Petrol    ,Auto         ,"EMI ₹9,179/m*"  ,₹1.95 lakh     ,
2011 Hyundai i10            ,SPORTZ 1.2                         ,46.50k km  ,Petrol    ,Manual       ,"EMI ₹14,394/m*" ,₹1.62 lakh     ,
2014 Hyundai Eon            ,MAGNA +                            ,35.12k km  ,Petrol    ,Manual       ,"EMI ₹4,371/m*"  ,₹1.66 lakh     ,
2013 Hyundai i20            ,SPORTZ 1.2                         ,1.1L km    ,Petrol    ,Manual       ,"EMI ₹7,905/m*"  ,₹2.38 lakh     ,
2010 Hyundai i10            ,SPORTZ 1.2                         ,71.01k km  ,Petrol    ,Manual       ,₹1.21 lakh       ,₹1.21 lakh     ,
2010 Hyundai Verna          ,TRANSFORM 1.6 VTVT                 ,57.46k km  ,Petrol    ,Manual       ,₹2.27 lakh       ,₹2.27 lakh     ,
2015 Hyundai Xcent          ,S (O) 1.2                          ,1.0L km    ,Petrol    ,Manual       ,"EMI ₹6,117/m*"  ,₹2.85L         ,₹2.75 lakh
2014 Hyundai Verna          ,FLUIDIC 1.6 VTVT SX                ,98.09k km  ,Petrol    ,Manual       ,"EMI ₹7,505/m*"  ,₹2.95L         ,₹2.85 lakh
2013 Hyundai Grand i10      ,ASTA (O) 1.2 KAPPA VTVT            ,88.91k km  ,Petrol    ,Manual       ,"EMI ₹7,274/m*"  ,₹2.19 lakh     ,
2011 Hyundai i20            ,ASTA 1.2                           ,1.0L km    ,Petrol    ,Manual       ,"EMI ₹15,904/m*" ,₹1.79 lakh     ,
2021 Hyundai VENUE          ,SX 1.0 TURBO IMT DUAL TONE SPORT   ,52.12k km  ,Petrol    ,Manual       ,"EMI ₹12,219/m*" ,₹6.40L         ,₹6.25 lakh
2012 Hyundai i10            ,MAGNA 1.2                          ,41.29k km  ,Petrol    ,Manual       ,"EMI ₹6,449/m*"  ,₹1.37 lakh     ,
2019 Hyundai GRAND I10 NIOS ,SPORTZ 1.2 KAPPA VTVT              ,45.37k km  ,Petrol    ,Manual       ,"EMI ₹8,622/m*"  ,₹4.41 lakh     ,
2011 Hyundai i20            ,MAGNA (O) 1.2                      ,1.1L km    ,Petrol    ,Manual       ,"EMI ₹11,550/m*" ,₹1.30 lakh     ,
2012 Hyundai i10            ,MAGNA 1.2                          ,29.62k km  ,Petrol    ,Manual       ,"EMI ₹6,025/m*"  ,₹1.28 lakh     ,
2018 Hyundai Verna          ,1.6 VTVT SX O                      ,47.86k km  ,Petrol    ,Manual       ,"EMI ₹11,632/m*" ,₹5.95 lakh     ,
2011 Hyundai i20            ,MAGNA 1.2                          ,50.25k km  ,Petrol    ,Manual       ,"EMI ₹13,860/m*" ,₹1.56 lakh     ,
2013 Hyundai Verna          ,FLUIDIC 1.6 VTVT SX                ,1.1L km    ,Petrol    ,Manual       ,"EMI ₹8,868/m*"  ,₹2.67 lakh     ,
2012 Hyundai i10            ,SPORTZ 1.2                         ,1.6L km    ,Petrol    ,Manual       ,"EMI ₹7,861/m*"  ,₹1.67 lakh     ,
2018 Hyundai Grand i10      ,MAGNA 1.2 KAPPA VTVT               ,1.0L km    ,Petrol    ,Manual       ,"EMI ₹7,630/m*"  ,₹3.43 lakh     ,
2010 Hyundai i10            ,MAGNA 1.1                          ,23.00k km  ,Petrol    ,Manual       ,₹0.98 lakh       ,₹0.98 lakh     ,
2011 Hyundai i20            ,SPORTZ 1.4 CRDI                    ,76.15k km  ,Diesel    ,Manual       ,₹1.65 lakh       ,₹1.65 lakh     ,
2014 Hyundai Xcent          ,SX 1.2 (O)                         ,81.88k km  ,Petrol    ,Manual       ,"EMI ₹7,294/m*"  ,₹2.77 lakh     ,
2016 Hyundai Creta          ,SX PLUS 1.6 PETROL                 ,83.14k km  ,Petrol    ,Manual       ,"EMI ₹11,730/m*" ,₹6.00 lakh     ,
2010 Hyundai i10            ,MAGNA 1.2                          ,99.85k km  ,Petrol    ,Manual       ,₹0.92 lakh       ,₹0.92 lakh     ,
2010 Hyundai i20            ,ASTA 1.2                           ,98.05k km  ,Petrol    ,Manual       ,₹1.27 lakh       ,₹1.27 lakh     ,
2011 Hyundai Verna          ,FLUIDIC 1.6 VTVT                   ,51.83k km  ,Petrol    ,Manual       ,"EMI ₹19,102/m*" ,₹2.15 lakh     ,
2011 Hyundai i20            ,MAGNA (O) 1.2                      ,30.32k km  ,Petrol    ,Manual       ,"EMI ₹13,772/m*" ,₹1.55 lakh     ,
2010 Hyundai i10            ,SPORTZ 1.2                         ,4.12k km   ,Petrol    ,Manual       ,₹1.08 lakh       ,₹1.08 lakh     ,
2012 Hyundai i10            ,MAGNA 1.2                          ,56.98k km  ,Petrol    ,Manual       ,"EMI ₹7,049/m*"  ,₹1.50 lakh     ,
2017 Hyundai Grand i10      ,SPORTZ (O) AT 1.2 KAPPA VTVT       ,1.6L km    ,Petrol    ,Auto         ,"EMI ₹6,673/m*"  ,₹3.49L         ,₹3.00 lakh
2016 Hyundai Creta          ,SX PLUS AT 1.6 DIESEL              ,90.96k km  ,Diesel    ,Auto         ,"EMI ₹19,894/m*" ,₹9.15 lakh     ,
2011 Hyundai Verna          ,FLUIDIC 1.6 CRDI SX                ,1.4L km    ,Diesel    ,Manual       ,₹2.31 lakh       ,₹2.31 lakh     ,
2014 Hyundai Xcent          ,S 1.2                              ,1.2L km    ,Petrol    ,Manual       ,"EMI ₹8,348/m*"  ,₹3.17 lakh     ,
2014 Hyundai Grand i10      ,ASTA AT 1.2 KAPPA VTVT             ,65.00k km  ,Petrol    ,Auto         ,"EMI ₹7,979/m*"  ,₹3.03 lakh     ,
2016 Hyundai Xcent          ,S 1.2                              ,48.20k km  ,Petrol    ,Manual       ,"EMI ₹6,823/m*"  ,₹3.49 lakh     ,
2011 Hyundai i10            ,ERA 1.1                            ,66.96k km  ,Petrol    ,Manual       ,"EMI ₹10,129/m*" ,₹1.14 lakh     ,
2014 Hyundai i20            ,SPORTZ 1.2                         ,68.70k km  ,Petrol    ,Manual       ,"EMI ₹6,768/m*"  ,₹2.57 lakh     ,
2016 Hyundai i10            ,SPORTZ 1.1                         ,76.53k km  ,Petrol    ,Manual       ,"EMI ₹4,164/m*"  ,₹2.13 lakh     ,
2010 Hyundai i20            ,SPORTZ 1.4 CRDI                    ,95.38k km  ,Diesel    ,Manual       ,₹2.00 lakh       ,₹2.00 lakh     ,
2014 Hyundai Eon            ,ERA +                              ,29.20k km  ,Petrol    ,Manual       ,"EMI ₹5,082/m*"  ,₹1.93 lakh     ,
2012 Hyundai Santro Xing    ,GL PLUS (CNG)                      ,86.86k km  ,Petrol    ,Manual       ,"EMI ₹5,790/m*"  ,₹1.23 lakh     ,
2014 Hyundai Verna          ,FLUIDIC 1.6 VTVT SX                ,29.12k km  ,Petrol    ,Manual       ,"EMI ₹8,954/m*"  ,₹3.40 lakh     ,
2013 Hyundai i20            ,ASTA 1.2                           ,51.01k km  ,Petrol    ,Manual       ,"EMI ₹9,732/m*"  ,₹2.93 lakh     ,
2011 Hyundai i10            ,SPORTZ 1.2 AT                      ,70.83k km  ,Petrol    ,Auto         ,"EMI ₹11,461/m*" ,₹1.29 lakh     ,
2010 Hyundai i10            ,ASTA 1.2 AT SUNROOF                ,63.02k km  ,Petrol    ,Auto         ,₹1.67 lakh       ,₹1.67 lakh     ,
2018 Hyundai Verna          ,1.6 CRDI SX + AT                   ,88.64k km  ,Diesel    ,Auto         ,"EMI ₹15,073/m*" ,₹7.71 lakh     ,
2012 Hyundai i20            ,ASTA 1.4 AT                        ,40.43k km  ,Petrol    ,Auto         ,"EMI ₹12,663/m*" ,₹2.69 lakh     ,
2010 Hyundai i20            ,ASTA 1.2                           ,1.0L km    ,Petrol    ,Manual       ,₹0.92 lakh       ,₹0.92 lakh     ,
2014 Hyundai Eon            ,ERA +                              ,17.37k km  ,Petrol    ,Manual       ,"EMI ₹5,767/m*"  ,₹2.19 lakh     ,
2013 Hyundai Verna          ,FLUIDIC 1.6 VTVT EX                ,90.69k km  ,Petrol    ,Manual       ,"EMI ₹11,226/m*" ,₹3.38 lakh     ,
2016 Hyundai Creta          ,SX PLUS 1.6 PETROL                 ,44.50k km  ,Petrol    ,Manual       ,"EMI ₹12,747/m*" ,₹6.52 lakh     ,
2010 Hyundai i10            ,SPORTZ 1.2                         ,78.72k km  ,Petrol    ,Manual       ,₹1.18 lakh       ,₹1.18 lakh     ,
2015 Hyundai Xcent          ,SX 1.2 (O)                         ,71.07k km  ,Petrol    ,Manual       ,"EMI ₹8,052/m*"  ,₹3.62 lakh     ,
2013 Hyundai New Elantra    ,1.8 SX MT VTVT                     ,40.59k km  ,Petrol    ,Manual       ,"EMI ₹11,193/m*" ,₹3.37 lakh     ,
2015 Hyundai Grand i10      ,ASTA (O) 1.2 KAPPA VTVT            ,79.75k km  ,Petrol    ,Manual       ,"EMI ₹6,451/m*"  ,₹3.00L         ,₹2.90 lakh
2013 Hyundai Verna          ,FLUIDIC 1.6 VTVT SX                ,74.00k km  ,Petrol    ,Manual       ,"EMI ₹9,732/m*"  ,₹2.93 lakh     ,
2015 Hyundai Elite i20      ,SPORTZ 1.2                         ,79.26k km  ,Petrol    ,Manual       ,"EMI ₹7,608/m*"  ,₹3.42 lakh     ,
2016 Hyundai Grand i10      ,SPORTZ 1.2 KAPPA VTVT              ,1.1L km    ,Petrol    ,Manual       ,"EMI ₹6,874/m*"  ,₹3.09 lakh     ,
2019 Hyundai Elite i20      ,MAGNA PLUS 1.2                     ,35.32k km  ,Petrol    ,Manual       ,"EMI ₹9,775/m*"  ,₹5.24L         ,₹5.00 lakh
2017 Hyundai Creta          ,SX PLUS 1.6 PETROL                 ,59.23k km  ,Petrol    ,Manual       ,"EMI ₹15,386/m*" ,₹7.87 lakh     ,
2015 Hyundai Eon            ,ERA +                              ,75.90k km  ,Petrol    ,Manual       ,"EMI ₹5,116/m*"  ,₹2.30 lakh     ,
2010 Hyundai i10            ,SPORTZ 1.2                         ,86.66k km  ,Petrol    ,Manual       ,₹0.89 lakh       ,₹0.89 lakh     ,
2013 Hyundai Verna          ,FLUIDIC 1.6 VTVT SX OPT AT         ,70.30k km  ,Petrol    ,Auto         ,"EMI ₹9,964/m*"  ,₹3.00 lakh     ,
2016 Hyundai Creta          ,SX PLUS 1.6 PETROL                 ,82.24k km  ,Petrol    ,Manual       ,"EMI ₹13,685/m*" ,₹7.00 lakh     ,
2015 Hyundai Xcent          ,S (O) 1.2                          ,71.12k km  ,Petrol    ,Manual       ,"EMI ₹6,940/m*"  ,₹3.12 lakh     ,
2016 Hyundai Grand i10      ,MAGNA 1.2 KAPPA VTVT               ,76.23k km  ,Petrol    ,Manual       ,"EMI ₹5,435/m*"  ,₹2.78 lakh     ,
2014 Hyundai Eon            ,SPORTZ                             ,28.24k km  ,Petrol    ,Manual       ,"EMI ₹4,345/m*"  ,₹1.75L         ,₹1.65 lakh
2019 Hyundai NEW SANTRO     ,SPORTZ CNG                         ,36.71k km  ,Petrol    ,Manual       ,"EMI ₹6,354/m*"  ,₹3.60L         ,₹3.25 lakh
2020 Hyundai Creta          ,SX 1.5 PETROL                      ,66.73k km  ,Petrol    ,Manual       ,"EMI ₹17,131/m*" ,₹9.00 lakh     ,
2017 Hyundai Creta          ,E PLUS 1.6 PETROL                  ,46.67k km  ,Petrol    ,Manual       ,"EMI ₹11,632/m*" ,₹6.00L         ,₹5.95 lakh
2014 Hyundai Xcent          ,S 1.2                              ,48.90k km  ,Petrol    ,Manual       ,"EMI ₹7,926/m*"  ,₹3.01 lakh     ,
2016 Hyundai Verna          ,FLUIDIC 4S 1.6 VTVT S              ,43.03k km  ,Petrol    ,Manual       ,"EMI ₹8,798/m*"  ,₹4.50 lakh     ,
2011 Hyundai i10            ,MAGNA 1.2                          ,28.13k km  ,Petrol    ,Manual       ,"EMI ₹11,728/m*" ,₹1.32 lakh     ,
2018 Hyundai Verna          ,1.6 CRDI SX                        ,72.58k km  ,Diesel    ,Manual       ,"EMI ₹14,115/m*" ,₹7.22 lakh     ,
2014 Hyundai Xcent          ,S 1.2                              ,1.1L km    ,Petrol    ,Manual       ,"EMI ₹7,847/m*"  ,₹2.98 lakh     ,
2018 Hyundai NEW SANTRO     ,MAGNA                              ,25.46k km  ,Petrol    ,Manual       ,"EMI ₹6,139/m*"  ,₹3.14 lakh     ,
2013 Hyundai Verna          ,FLUIDIC 1.6 EX CRDI AT             ,1.1L km    ,Diesel    ,Auto         ,"EMI ₹16,334/m*" ,₹3.47 lakh     ,
2013 Hyundai Grand i10      ,SPORTZ 1.2 KAPPA VTVT              ,54.87k km  ,Petrol    ,Manual       ,"EMI ₹9,200/m*"  ,₹2.77 lakh     ,
2015 Hyundai Xcent          ,SX 1.2                             ,36.03k km  ,Petrol    ,Manual       ,"EMI ₹8,030/m*"  ,₹3.61 lakh     ,
2023 Hyundai NEW I20        ,ASTA (O) 1.0 TURBO GDI DCT         ,12.78k km  ,Petrol    ,Auto         ,"EMI ₹15,227/m*" ,₹9.00L         ,₹8.00 lakh
2015 Hyundai Xcent          ,S (O) 1.2                          ,75.16k km  ,Petrol    ,Manual       ,"EMI ₹7,496/m*"  ,₹3.37 lakh     ,
2020 Hyundai GRAND I10 NIOS ,SPORTZ AMT 1.2 KAPPA VTVT          ,18.61k km  ,Petrol    ,Auto         ,"EMI ₹11,359/m*" ,₹5.81 lakh     ,
2016 Hyundai Creta          ,SX PLUS 1.6 PETROL                 ,79.40k km  ,Petrol    ,Manual       ,"EMI ₹10,753/m*" ,₹5.50 lakh     ,
2013 Hyundai Verna          ,FLUIDIC 1.6 VTVT SX AT             ,27.58k km  ,Petrol    ,Auto         ,"EMI ₹10,463/m*" ,₹3.15 lakh     ,
2012 Hyundai Verna          ,FLUIDIC 1.6 VTVT EX                ,7.90k km   ,Petrol    ,Manual       ,"EMI ₹11,721/m*" ,₹2.49 lakh     ,
2019 Hyundai Verna          ,1.6 VTVT SX O                      ,58.88k km  ,Petrol    ,Manual       ,"EMI ₹13,685/m*" ,₹7.00 lakh     ,
2010 Hyundai i20            ,ASTA 1.2                           ,1.0L km    ,Petrol    ,Manual       ,₹1.39 lakh       ,₹1.39 lakh     ,
2014 Hyundai Grand i10      ,ASTA AT 1.2 KAPPA VTVT             ,52.73k km  ,Petrol    ,Auto         ,"EMI ₹8,769/m*"  ,₹3.33 lakh     ,
2014 Hyundai Verna          ,FLUIDIC 1.6 VTVT SX OPT            ,78.28k km  ,Petrol    ,Manual       ,"EMI ₹9,665/m*"  ,₹3.67 lakh     ,
2014 Hyundai Xcent          ,S 1.1 CRDI                         ,61.48k km  ,Diesel    ,Manual       ,"EMI ₹10,894/m*" ,₹3.28 lakh     ,
2024 Hyundai AURA           ,SX 1.2 CNG                         ,18.62k km  ,Petrol    ,Manual       ,"EMI ₹16,522/m*" ,₹8.68 lakh     ,
2014 Hyundai Elite i20      ,MAGNA 1.2                          ,93.38k km  ,Petrol    ,Manual       ,"EMI ₹7,663/m*"  ,₹2.91 lakh     ,
2015 Hyundai Xcent          ,S (O) 1.2                          ,21.12k km  ,Petrol    ,Manual       ,"EMI ₹8,275/m*"  ,₹3.72 lakh     ,
2015 Hyundai Elite i20      ,ASTA 1.4 CRDI                      ,1.5L km    ,Diesel    ,Manual       ,"EMI ₹11,166/m*" ,₹4.24 lakh     ,
2016 Hyundai Grand i10      ,ASTA 1.2 KAPPA VTVT                ,27.39k km  ,Petrol    ,Manual       ,"EMI ₹6,764/m*"  ,₹3.46 lakh     ,
2015 Hyundai Grand i10      ,ASTA 1.2 KAPPA VTVT                ,12.11k km  ,Petrol    ,Manual       ,"EMI ₹7,007/m*"  ,₹3.25L         ,₹3.15 lakh
2022 Hyundai NEW I20        ,ASTA (O) 1.0 TURBO GDI DCT         ,14.90k km  ,Petrol    ,Auto         ,"EMI ₹14,663/m*" ,₹7.50 lakh     ,
2018 Hyundai Verna          ,1.6 VTVT SX O                      ,72.48k km  ,Petrol    ,Manual       ,"EMI ₹11,339/m*" ,₹5.80 lakh     ,
2021 Hyundai AURA           ,S 1.2 CNG                          ,20.61k km  ,Petrol    ,Manual       ,"EMI ₹12,453/m*" ,₹6.37 lakh     ,
2015 Hyundai Xcent          ,S 1.1 CRDI                         ,82.71k km  ,Diesel    ,Manual       ,"EMI ₹9,586/m*"  ,₹3.64 lakh     ,
2014 Hyundai Verna          ,FLUIDIC 1.6 CRDI SX AT             ,78.85k km  ,Diesel    ,Auto         ,"EMI ₹12,954/m*" ,₹3.90 lakh     ,
2015 Hyundai Xcent          ,SX AT 1.2 (O)                      ,3.1L km    ,Petrol    ,Auto         ,"EMI ₹7,118/m*"  ,₹3.20 lakh     ,
2012 Hyundai Verna          ,FLUIDIC 1.6 CRDI SX                ,1.1L km    ,Diesel    ,Manual       ,"EMI ₹25,233/m*" ,₹2.84 lakh     ,
2014 Hyundai i20            ,ASTA 1.2                           ,68.81k km  ,Petrol    ,Manual       ,"EMI ₹8,400/m*"  ,₹3.19 lakh     ,
2015 Hyundai Grand i10      ,ASTA 1.2 KAPPA VTVT                ,35.79k km  ,Petrol    ,Manual       ,"EMI ₹7,274/m*"  ,₹3.27 lakh     ,
2014 Hyundai Grand i10      ,ASTA AT 1.2 KAPPA VTVT             ,41.05k km  ,Petrol    ,Auto         ,"EMI ₹8,954/m*"  ,₹3.40 lakh     ,
2023 Hyundai VENUE          ,S 1.2                              ,17.45k km  ,Petrol    ,Manual       ,"EMI ₹14,663/m*" ,₹7.50 lakh     ,
2017 Hyundai Elite i20      ,SPORTZ 1.2                         ,67.43k km  ,Petrol    ,Manual       ,"EMI ₹8,739/m*"  ,₹4.47 lakh     ,
2018 Hyundai Creta          ,SX PLUS 1.6 PETROL                 ,75.61k km  ,Petrol    ,Manual       ,"EMI ₹13,196/m*" ,₹6.75 lakh     ,
2024 Hyundai VENUE          ,S 1.2                              ,1.51k km   ,Petrol    ,Manual       ,"EMI ₹17,131/m*" ,₹9.00 lakh     ,
2018 Hyundai Verna          ,1.6 VTVT SX (O) AT                 ,49.50k km  ,Petrol    ,Auto         ,"EMI ₹14,174/m*" ,₹7.25 lakh     ,
2015 Hyundai Elite i20      ,ASTA 1.4 CRDI                      ,74.45k km  ,Diesel    ,Manual       ,"EMI ₹11,929/m*" ,₹4.53 lakh     ,
2015 Hyundai i20 Active     ,1.2 S                              ,39.67k km  ,Petrol    ,Manual       ,"EMI ₹12,079/m*" ,₹5.43 lakh     ,
2018 Hyundai Xcent          ,E+                                 ,56.61k km  ,Petrol    ,Manual       ,"EMI ₹7,801/m*"  ,₹3.99 lakh     ,
2015 Hyundai Elite i20      ,SPORTZ 1.2                         ,53.35k km  ,Petrol    ,Manual       ,"EMI ₹8,675/m*"  ,₹3.90 lakh     ,
2016 Hyundai i20 Active     ,1.2 S                              ,73.70k km  ,Petrol    ,Manual       ,"EMI ₹8,309/m*"  ,₹4.25 lakh     ,
2016 Hyundai Xcent          ,SX 1.2                             ,1.1L km    ,Petrol    ,Manual       ,"EMI ₹6,896/m*"  ,₹3.50L         ,₹3.10 lakh
2017 Hyundai Creta          ,SX PLUS AT 1.6 PETROL              ,94.62k km  ,Petrol    ,Auto         ,"EMI ₹12,708/m*" ,₹7.00L         ,₹6.50 lakh
2017 Hyundai Elite i20      ,ASTA 1.2 DUAL TONE                 ,58.20k km  ,Petrol    ,Manual       ,"EMI ₹9,091/m*"  ,₹4.65 lakh     ,
2021 Hyundai NEW I20        ,SPORTZ 1.2 AT                      ,18.00k km  ,Petrol    ,Auto         ,"EMI ₹12,962/m*" ,₹6.63 lakh     ,
2024 Hyundai Creta          ,E 1.5 PETROL                       ,5.40k km   ,Petrol    ,Manual       ,"EMI ₹22,403/m*" ,₹11.77 lakh    ,
2021 Hyundai AURA           ,S 1.2 CNG                          ,73.24k km  ,Petrol    ,Manual       ,"EMI ₹11,261/m*" ,₹5.76 lakh     ,
2016 Hyundai Grand i10      ,SPORTZ 1.2 KAPPA VTVT              ,11.01k km  ,Petrol    ,Manual       ,"EMI ₹7,058/m*"  ,₹3.61 lakh     ,
2016 Hyundai Creta          ,SX PLUS AT 1.6 DIESEL              ,1.5L km    ,Diesel    ,Auto         ,"EMI ₹17,894/m*" ,₹8.23 lakh     ,
2016 Hyundai Creta          ,SX PLUS AT 1.6 PETROL              ,42.92k km  ,Petrol    ,Auto         ,"EMI ₹16,731/m*" ,₹8.79 lakh     ,
2016 Hyundai Grand i10      ,ASTA (O) AT 1.2 KAPPA VTVT         ,1.0L km    ,Petrol    ,Auto         ,"EMI ₹7,786/m*"  ,₹3.50 lakh     ,
2019 Hyundai Elite i20      ,SPORTZ PLUS 1.2                    ,18.98k km  ,Petrol    ,Manual       ,"EMI ₹11,241/m*" ,₹5.75 lakh     ,
2022 Hyundai GRAND I10 NIOS ,SPORTZ 1.2 KAPPA VTVT CNG          ,31.76k km  ,Petrol    ,Manual       ,"EMI ₹10,753/m*" ,₹5.91L         ,₹5.50 lakh
2016 Hyundai Grand i10      ,MAGNA 1.2 KAPPA VTVT               ,56.00k km  ,Petrol    ,Manual       ,"EMI ₹5,924/m*"  ,₹3.03 lakh     ,
2019 Hyundai Elite i20      ,MAGNA PLUS 1.2                     ,23.44k km  ,Petrol    ,Manual       ,"EMI ₹9,267/m*"  ,₹4.74 lakh     ,
2019 Hyundai NEW SANTRO     ,SPORTZ CNG                         ,1.1L km    ,Petrol    ,Manual       ,"EMI ₹8,008/m*"  ,₹3.60 lakh     ,
2015 Hyundai Elite i20      ,SPORTZ 1.2                         ,1.0L km    ,Petrol    ,Manual       ,"EMI ₹8,876/m*"  ,₹3.99 lakh     ,
2016 Hyundai Grand i10      ,ASTA AT 1.2 KAPPA VTVT             ,57.17k km  ,Petrol    ,Auto         ,"EMI ₹6,686/m*"  ,₹3.42 lakh     ,
2022 Hyundai GRAND I10 NIOS ,SPORTZ 1.2 KAPPA VTVT CNG          ,21.09k km  ,Petrol    ,Manual       ,"EMI ₹10,753/m*" ,₹5.85L         ,₹5.50 lakh
2015 Hyundai Elite i20      ,MAGNA 1.2                          ,1.2L km    ,Petrol    ,Manual       ,"EMI ₹7,830/m*"  ,₹3.52 lakh     ,
2021 Hyundai NEW SANTRO     ,SPORTZ EXECUTIVE MT CNG            ,44.49k km  ,Petrol    ,Manual       ,"EMI ₹9,286/m*"  ,₹4.80L         ,₹4.75 lakh
2015 Hyundai Creta          ,SX PLUS 1.6 DIESEL                 ,1.0L km    ,Diesel    ,Manual       ,"EMI ₹19,092/m*" ,₹7.25 lakh     ,
2023 Hyundai EXTER          ,S 1.2 AMT                          ,13.33k km  ,Petrol    ,Auto         ,"EMI ₹13,666/m*" ,₹6.99 lakh     ,
2017 Hyundai Grand i10      ,SPORTZ 1.2 KAPPA VTVT              ,19.81k km  ,Petrol    ,Manual       ,"EMI ₹7,253/m*"  ,₹3.71 lakh     ,
2016 Hyundai Creta          ,S 1.4 DIESEL                       ,1.0L km    ,Diesel    ,Manual       ,"EMI ₹14,014/m*" ,₹6.30 lakh     ,
2012 Hyundai New Elantra    ,1.8 SX MT VTVT                     ,1.4L km    ,Petrol    ,Manual       ,"EMI ₹12,569/m*" ,₹2.67 lakh     ,
2018 Hyundai Grand i10      ,ASTA 1.2 KAPPA VTVT                ,6.45k km   ,Petrol    ,Manual       ,"EMI ₹8,055/m*"  ,₹4.12 lakh     ,
2013 Hyundai i20            ,SPORTZ 1.4 CRDI                    ,1.3L km    ,Diesel    ,Manual       ,"EMI ₹14,828/m*" ,₹3.15 lakh     ,
2015 Hyundai Elite i20      ,MAGNA 1.2                          ,1.6L km    ,Petrol    ,Manual       ,"EMI ₹7,608/m*"  ,₹3.42 lakh     ,
2024 Hyundai AURA           ,SX 1.2 CNG                         ,28.00k km  ,Petrol    ,Manual       ,"EMI ₹16,484/m*" ,₹8.66 lakh     ,
2016 Hyundai Creta          ,BASE 1.6 PETROL                    ,29.00k km  ,Petrol    ,Manual       ,"EMI ₹12,004/m*" ,₹6.14 lakh     ,
2017 Hyundai Grand i10      ,SPORTZ (O) AT 1.2 KAPPA VTVT       ,28.68k km  ,Petrol    ,Auto         ,"EMI ₹7,996/m*"  ,₹4.09 lakh     ,
2016 Hyundai Grand i10      ,SPORTZ 1.2 KAPPA VTVT              ,44.78k km  ,Petrol    ,Manual       ,"EMI ₹6,784/m*"  ,₹3.47 lakh     ,
2023 Hyundai Verna          ,1.5 TURBO GDI MT SX                ,18.15k km  ,Petrol    ,Manual       ,"EMI ₹21,889/m*" ,₹11.50 lakh    ,
2015 Hyundai Grand i10      ,SPORTZ 1.2 KAPPA VTVT              ,51.55k km  ,Petrol    ,Manual       ,"EMI ₹8,342/m*"  ,₹3.75 lakh     ,
2021 Hyundai NEW SANTRO     ,SPORTZ CNG                         ,17.39k km  ,Petrol    ,Manual       ,"EMI ₹11,046/m*" ,₹5.65 lakh     ,
2023 Hyundai Creta          ,SX (O) IVT 1.5 PETROL              ,20.38k km  ,Petrol    ,Auto         ,"EMI ₹32,263/m*" ,₹16.95 lakh    ,
2017 Hyundai New Elantra    ,2.0 SX(O) AT PETROL                ,70.89k km  ,Petrol    ,Auto         ,"EMI ₹13,685/m*" ,₹7.00 lakh     ,
2015 Hyundai Creta          ,S 1.6 PETROL                       ,88.48k km  ,Petrol    ,Manual       ,"EMI ₹12,791/m*" ,₹5.75 lakh     ,
2019 Hyundai Elite i20      ,MAGNA PLUS 1.2                     ,23.62k km  ,Petrol    ,Manual       ,"EMI ₹9,971/m*"  ,₹5.10 lakh     ,
2016 Hyundai Elite i20      ,SPORTZ 1.2                         ,63.95k km  ,Petrol    ,Manual       ,"EMI ₹7,566/m*"  ,₹3.87 lakh     ,
2019 Hyundai Grand i10      ,MAGNA 1.2 KAPPA VTVT               ,20.58k km  ,Petrol    ,Manual       ,"EMI ₹7,722/m*"  ,₹3.95 lakh     ,
2020 Hyundai GRAND I10 NIOS ,SPORTZ 1.2 KAPPA VTVT              ,39.99k km  ,Petrol    ,Manual       ,"EMI ₹9,482/m*"  ,₹4.85 lakh     ,
2017 Hyundai Creta          ,SX PLUS 1.6 PETROL                 ,40.56k km  ,Petrol    ,Manual       ,"EMI ₹13,685/m*" ,₹7.00 lakh     ,
2015 Hyundai Creta          ,SX PLUS 1.6 PETROL                 ,32.05k km  ,Petrol    ,Manual       ,"EMI ₹13,347/m*" ,₹6.00 lakh     ,
2024 Hyundai AURA           ,S 1.2 CNG                          ,8.90k km   ,Petrol    ,Manual       ,"EMI ₹15,464/m*" ,₹7.91 lakh     ,
2015 Hyundai Creta          ,SX PLUS 1.6 PETROL                 ,51.39k km  ,Petrol    ,Manual       ,"EMI ₹14,370/m*" ,₹6.46 lakh     ,
2016 Hyundai Creta          ,SX PLUS AT 1.6 PETROL              ,16.94k km  ,Petrol    ,Auto         ,"EMI ₹14,663/m*" ,₹8.00L         ,₹7.50 lakh
2024 Hyundai AURA           ,SX 1.2 CNG                         ,27.00k km  ,Petrol    ,Manual       ,"EMI ₹15,418/m*" ,₹8.40L         ,₹8.10 lakh
2015 Hyundai Eon            ,MAGNA +                            ,28.49k km  ,Petrol    ,Manual       ,"EMI ₹5,539/m*"  ,₹2.49 lakh     ,
2015 Hyundai Creta          ,SX PLUS 1.6 PETROL                 ,68.66k km  ,Petrol    ,Manual       ,"EMI ₹13,347/m*" ,₹6.00 lakh     ,
2020 Hyundai NEW SANTRO     ,SPORTZ CNG                         ,1.1L km    ,Petrol    ,Manual       ,"EMI ₹7,786/m*"  ,₹3.77L         ,₹3.50 lakh
2013 Hyundai Verna          ,FLUIDIC 1.6 CRDI SX OPT AT         ,1.7L km    ,Diesel    ,Auto         ,"EMI ₹17,182/m*" ,₹3.65 lakh     ,
2017 Hyundai Grand i10      ,SPORTZ (O) AT 1.2 KAPPA VTVT       ,66.32k km  ,Petrol    ,Auto         ,"EMI ₹9,306/m*"  ,₹4.76 lakh     ,
2017 Hyundai Elite i20      ,SPORTZ 1.2                         ,58.97k km  ,Petrol    ,Manual       ,"EMI ₹9,267/m*"  ,₹4.74 lakh     ,
2023 Hyundai GRAND I10 NIOS ,SPORTZ 1.2 KAPPA VTVT CNG          ,40.73k km  ,Petrol    ,Manual       ,"EMI ₹12,121/m*" ,₹6.20 lakh     ,
2020 Hyundai GRAND I10 NIOS ,SPORTZ 1.2 KAPPA VTVT CNG          ,25.87k km  ,Petrol    ,Manual       ,"EMI ₹11,261/m*" ,₹5.76 lakh     ,
2017 Hyundai Grand i10      ,ASTA 1.2 KAPPA VTVT                ,35.10k km  ,Petrol    ,Manual       ,"EMI ₹7,038/m*"  ,₹3.60 lakh     ,
2017 Hyundai Xcent          ,BASE 1.1                           ,1.6L km    ,Diesel    ,Manual       ,"EMI ₹7,830/m*"  ,₹3.52 lakh     ,
2020 Hyundai VENUE          ,SX PLUS 1.0 TURBO DCT              ,36.44k km  ,Petrol    ,Auto         ,"EMI ₹14,833/m*" ,₹7.59 lakh     ,
2018 Hyundai NEW SANTRO     ,MAGNA CNG                          ,70.06k km  ,Petrol    ,Manual       ,"EMI ₹6,417/m*"  ,₹3.28 lakh     ,
2023 Hyundai GRAND I10 NIOS ,SPORTZ 1.2 KAPPA VTVT CNG          ,67.42k km  ,Petrol    ,Manual       ,"EMI ₹13,568/m*" ,₹6.94 lakh     ,
2017 Hyundai Creta          ,SX PLUS AT 1.6 PETROL              ,32.25k km  ,Petrol    ,Auto         ,"EMI ₹14,663/m*" ,₹8.00L         ,₹7.50 lakh
2018 Hyundai Grand i10      ,ASTA 1.2 KAPPA VTVT                ,37.33k km  ,Petrol    ,Manual       ,"EMI ₹8,426/m*"  ,₹4.31 lakh     ,
2018 Hyundai NEW SANTRO     ,MAGNA CNG                          ,66.37k km  ,Petrol    ,Manual       ,"EMI ₹6,901/m*"  ,₹3.53 lakh     ,
2021 Hyundai GRAND I10 NIOS ,SPORTZ 1.2 KAPPA VTVT CNG          ,65.64k km  ,Petrol    ,Manual       ,"EMI ₹10,753/m*" ,₹5.50 lakh     ,
2017 Hyundai Xcent          ,S 1.2                              ,1.0L km    ,Petrol    ,Manual       ,"EMI ₹7,474/m*"  ,₹3.36 lakh     ,
2021 Hyundai GRAND I10 NIOS ,SPORTZ 1.2 KAPPA VTVT CNG          ,73.70k km  ,Petrol    ,Manual       ,"EMI ₹10,362/m*" ,₹5.30 lakh     ,
2024 Hyundai Verna          ,SX 1.5 l MPI                       ,6.97k km   ,Petrol    ,Manual       ,"EMI ₹20,937/m*" ,₹11.00 lakh    ,
2024 Hyundai Creta N Line   ,N8 1.5 Turbo MT                    ,14.5L km   ,Petrol    ,Manual       ,"EMI ₹30,439/m*" ,₹15.00L        ,₹14.00 lakh
2016 Hyundai Creta          ,SX 1.6 Petrol                      ,68.19k km  ,Petrol    ,Manual       ,"EMI ₹12,160/m*" ,₹6.22 lakh     ,
2015 Hyundai Creta          ,SX 1.6 DIESEL                      ,1.1L km    ,Diesel    ,Manual       ,"EMI ₹18,671/m*" ,₹7.09 lakh     ,
2020 Hyundai GRAND I10 NIOS ,SPORTZ 1.2 KAPPA VTVT              ,43.77k km  ,Petrol    ,Manual       ,"EMI ₹8,798/m*"  ,₹4.50 lakh     ,
2019 Hyundai VENUE          ,SX PLUS 1.0 TURBO DCT              ,11.28k km  ,Petrol    ,Auto         ,"EMI ₹15,646/m*" ,₹8.22 lakh     ,
2019 Hyundai NEW SANTRO     ,SPORTZ CNG                         ,67.92k km  ,Petrol    ,Manual       ,"EMI ₹7,214/m*"  ,₹3.69 lakh     ,
2021 Hyundai NEW I20        ,ASTA 1.2 AT                        ,34.23k km  ,Petrol    ,Auto         ,"EMI ₹15,347/m*" ,₹7.85 lakh     ,
2019 Hyundai NEW SANTRO     ,SPORTZ CNG                         ,67.13k km  ,Petrol    ,Manual       ,"EMI ₹7,038/m*"  ,₹3.60 lakh     ,
2022 Hyundai Verna          ,SX (O)1.5 MPi                      ,39.49k km  ,Petrol    ,Manual       ,"EMI ₹16,331/m*" ,₹8.58 lakh     ,
2015 Hyundai Creta          ,SX PLUS 1.6 PETROL                 ,1.0L km    ,Petrol    ,Manual       ,"EMI ₹12,234/m*" ,₹5.50 lakh     ,
2017 Hyundai Xcent          ,S 1.2                              ,67.44k km  ,Petrol    ,Manual       ,"EMI ₹6,588/m*"  ,₹3.37 lakh     ,
2022 Hyundai VENUE          ,SX 1.5 CRDI                        ,67.90k km  ,Diesel    ,Manual       ,"EMI ₹18,425/m*" ,₹9.68 lakh     ,
2017 Hyundai Xcent          ,S AT 1.2                           ,59.56k km  ,Petrol    ,Auto         ,"EMI ₹7,449/m*"  ,₹3.81 lakh     ,
2015 Hyundai Creta          ,SX PLUS AT 1.6 DIESEL              ,87.46k km  ,Diesel    ,Auto         ,"EMI ₹19,750/m*" ,₹7.50 lakh     ,
2022 Hyundai GRAND I10 NIOS ,SPORTZ 1.2 KAPPA VTVT CNG          ,33.36k km  ,Petrol    ,Manual       ,"EMI ₹11,945/m*" ,₹6.11 lakh     ,
2013 Hyundai New Elantra    ,1.8 SX MT VTVT                     ,1.6L km    ,Petrol    ,Manual       ,"EMI ₹10,097/m*" ,₹3.04 lakh     ,
2023 Hyundai AURA           ,SX 1.2 CNG                         ,31.12k km  ,Petrol    ,Manual       ,"EMI ₹14,819/m*" ,₹7.58 lakh     ,
2019 Hyundai Creta          ,SX AT 1.6 PETROL                   ,1.1L km    ,Petrol    ,Auto         ,"EMI ₹20,655/m*" ,₹9.50 lakh     ,
2018 Hyundai Creta          ,S PLUS 1.4 DIESEL                  ,82.87k km  ,Diesel    ,Manual       ,"EMI ₹15,475/m*" ,₹8.13 lakh     ,
2021 Hyundai Creta          ,SX (O) IVT 1.5 PETROL              ,60.82k km  ,Petrol    ,Auto         ,"EMI ₹29,103/m*" ,₹15.29 lakh    ,
2015 Hyundai Creta          ,S 1.6 PETROL                       ,48.65k km  ,Petrol    ,Manual       ,"EMI ₹12,257/m*" ,₹5.75L         ,₹5.51 lakh
2017 Hyundai Creta          ,SX PLUS AT 1.6 PETROL              ,29.23k km  ,Petrol    ,Auto         ,"EMI ₹15,703/m*" ,₹8.25 lakh     ,
2019 Hyundai VENUE          ,SX (O) 1.5 CRDI                    ,1.0L km    ,Diesel    ,Manual       ,"EMI ₹19,481/m*" ,₹8.96 lakh     ,
2016 Hyundai Creta          ,SX PLUS AT 1.6 DIESEL              ,1.4L km    ,Diesel    ,Auto         ,"EMI ₹15,571/m*" ,₹7.00 lakh     ,
2020 Hyundai VENUE          ,S 1.2                              ,52.02k km  ,Petrol    ,Manual       ,"EMI ₹12,317/m*" ,₹6.30 lakh     ,
2015 Hyundai Creta          ,SX PLUS 1.6 PETROL                 ,52.31k km  ,Petrol    ,Manual       ,"EMI ₹14,548/m*" ,₹6.54 lakh     ,
2021 Hyundai ALCAZAR        ,1.5 SIGNATURE (O) AT 6STR          ,1.8L km    ,Diesel    ,Auto         ,"EMI ₹26,901/m*" ,₹12.37 lakh    ,
2021 Hyundai Creta          ,SX (O) IVT 1.5 PETROL              ,31.34k km  ,Petrol    ,Auto         ,"EMI ₹24,744/m*" ,₹13.50L        ,₹13.00 lakh
2018 Hyundai Creta          ,SX AT 1.6 PETROL                   ,27.87k km  ,Petrol    ,Auto         ,"EMI ₹16,997/m*" ,₹8.93 lakh     ,
2019 Hyundai VENUE          ,SX (O) 1.5 CRDI                    ,66.50k km  ,Diesel    ,Manual       ,"EMI ₹13,947/m*" ,₹7.13 lakh     ,
2013 Hyundai New Elantra    ,1.6 SX AT DIESEL                   ,1.8L km    ,Diesel    ,Auto         ,"EMI ₹14,828/m*" ,₹3.15 lakh     ,
2018 Hyundai Elite i20      ,ASTA 1.2                           ,38.03k km  ,Petrol    ,Manual       ,"EMI ₹9,834/m*"  ,₹5.03 lakh     ,
2018 Hyundai Xcent          ,S AT 1.2                           ,46.90k km  ,Petrol    ,Auto         ,"EMI ₹7,703/m*"  ,₹3.94 lakh     ,
2025 Hyundai NEW I20        ,SPORTZ 1.2 IVT                     ,2.95k km   ,Petrol    ,Auto         ,"EMI ₹17,492/m*" ,₹9.19 lakh     ,
2020 Hyundai VENUE          ,SX 1.0 (O) TURBO                   ,45.12k km  ,Petrol    ,Manual       ,"EMI ₹13,685/m*" ,₹7.50L         ,₹7.00 lakh
2018 Hyundai Elite i20      ,ASTA 1.2  CVT                      ,27.06k km  ,Petrol    ,Auto         ,"EMI ₹10,440/m*" ,₹5.34 lakh     ,
2022 Hyundai NEW I20        ,ASTA (O) 1.2 MT                    ,59.51k km  ,Petrol    ,Manual       ,"EMI ₹14,408/m*" ,₹7.37 lakh     ,
2012 Hyundai New Elantra    ,1.8 S VTVT                         ,34.20k km  ,Petrol    ,Manual       ,"EMI ₹21,889/m*" ,₹4.65 lakh     ,
2014 Hyundai Santa Fe       ,4 WD AT                            ,1.3L km    ,Diesel    ,Auto         ,"EMI ₹16,574/m*" ,₹4.99 lakh     ,
2023 Hyundai Verna          ,SX 1.5 l MPI                       ,18.04k km  ,Petrol    ,Manual       ,"EMI ₹20,462/m*" ,₹10.75 lakh    ,
2024 Hyundai NEW I20        ,SPORTZ 1.2 IVT                     ,15.18k km  ,Petrol    ,Auto         ,"EMI ₹16,160/m*" ,₹8.49 lakh     ,
2019 Hyundai Creta          ,SX AT 1.6 PETROL                   ,46.49k km  ,Petrol    ,Auto         ,"EMI ₹16,845/m*" ,₹8.85 lakh     ,
2021 Hyundai VENUE          ,SX PLUS 1.0 TURBO DCT              ,46.98k km  ,Petrol    ,Auto         ,"EMI ₹16,103/m*" ,₹8.46 lakh     ,
2013 Hyundai New Elantra    ,1.6 SX MT DIESEL                   ,1.3L km    ,Diesel    ,Manual       ,"EMI ₹18,170/m*" ,₹3.86 lakh     ,
2012 Hyundai New Elantra    ,1.6 CRDI                           ,1.0L km    ,Diesel    ,Manual       ,"EMI ₹33,141/m*" ,₹3.73 lakh     ,
2021 Hyundai NEW I20        ,SPORTZ 1.2 AT                      ,20.00k km  ,Petrol    ,Auto         ,"EMI ₹14,057/m*" ,₹7.19 lakh     ,
2017 Hyundai Creta          ,SX PLUS 1.6 PETROL                 ,34.24k km  ,Petrol    ,Manual       ,"EMI ₹15,132/m*" ,₹7.74 lakh     ,
2020 Hyundai VENUE          ,SX PLUS 1.0 TURBO DCT              ,34.39k km  ,Petrol    ,Auto         ,"EMI ₹15,265/m*" ,₹8.02 lakh     ,
2020 Hyundai VENUE          ,SX PLUS 1.0 TURBO DCT              ,63.04k km  ,Petrol    ,Auto         ,"EMI ₹14,956/m*" ,₹7.65 lakh     ,
2019 Hyundai Creta          ,SX AT 1.6 PETROL                   ,83.47k km  ,Petrol    ,Auto         ,"EMI ₹17,892/m*" ,₹9.40 lakh     ,
2023 Hyundai Verna          ,SX(O) 1.5 MPI IVT                  ,3.12k km   ,Petrol    ,Auto         ,"EMI ₹26,648/m*" ,₹14.00 lakh    ,
2022 Hyundai Creta          ,SX (O) AT 1.5 DIESEL               ,41.83k km  ,Diesel    ,Auto         ,"EMI ₹30,455/m*" ,₹16.00 lakh    ,
2022 Hyundai NEW I20        ,ASTA (O) 1.0 TURBO GDI DCT         ,51.64k km  ,Petrol    ,Auto         ,"EMI ₹16,617/m*" ,₹8.73 lakh     ,
2022 Hyundai Creta          ,S PLUS 1.4 TURBO DCT               ,34.42k km  ,Petrol    ,Auto         ,"EMI ₹24,744/m*" ,₹13.00 lakh    ,
2024 Hyundai EXTER          ,SX 1.2 MT Hy-CNG Duo               ,13.52k km  ,Petrol    ,Manual       ,"EMI ₹16,940/m*" ,₹8.90 lakh     ,
2017 Hyundai New Elantra    ,2.0 SX(O) AT PETROL                ,1.1L km    ,Petrol    ,Auto         ,"EMI ₹17,195/m*" ,₹7.73 lakh     ,
2021 Hyundai ALCAZAR        ,1.5 SIGNATURE (O) AT 6STR          ,37.33k km  ,Diesel    ,Auto         ,"EMI ₹31,635/m*" ,₹16.62 lakh    ,
2023 Hyundai Verna          ,SX (O) 1.5 VTVT IVT                ,9.07k km   ,Petrol    ,Auto         ,"EMI ₹30,455/m*" ,₹16.00 lakh    ,
2024 Hyundai EXTER          ,SX 1.2 CNG MT                      ,8.00k km   ,Petrol    ,Manual       ,"EMI ₹15,246/m*" ,₹8.01 lakh     ,
2020 Hyundai Verna          ,1.6 VTVT SX + AT                   ,14.59k km  ,Petrol    ,Auto         ,"EMI ₹15,551/m*" ,₹8.17 lakh     ,
2023 Hyundai Verna          ,1.5 TURBO GDI MT SX                ,18.30k km  ,Petrol    ,Manual       ,"EMI ₹22,841/m*" ,₹12.00 lakh    ,
2022 Hyundai NEW I20 N LINE ,N8 1.0 TURBO GDI IMT               ,38.90k km  ,Petrol    ,Manual       ,"EMI ₹13,196/m*" ,₹7.00L         ,₹6.75 lakh
2018 Hyundai i20 Active     ,1.2 SX                             ,17.56k km  ,Petrol    ,Manual       ,"EMI ₹12,414/m*" ,₹6.35 lakh     ,
2014 Hyundai Santa Fe       ,4 WD AT                            ,95.59k km  ,Diesel    ,Auto         ,"EMI ₹25,442/m*" ,₹7.66 lakh     ,
2019 Hyundai XCENT PRIME    ,T  VTVT PLUS  CNG                  ,1.6L km    ,Petrol    ,Manual       ,"EMI ₹8,809/m*"  ,₹3.96 lakh     ,
2011 Hyundai i10            ,MAGNA 1.2                          ,39.60k km  ,Petrol    ,Manual       ,"EMI ₹8,863/m*"  ,₹1.00 lakh     ,
2013 Hyundai i20            ,MAGNA (O) 1.4 CRDI                 ,81.47k km  ,Diesel    ,Manual       ,"EMI ₹10,544/m*" ,₹2.24 lakh     ,
2013 Hyundai Verna          ,FLUIDIC 1.6 CRDI SX                ,1.3L km    ,Diesel    ,Manual       ,"EMI ₹15,016/m*" ,₹3.19 lakh     ,
2014 Hyundai Xcent          ,S (O) 1.2                          ,94.60k km  ,Petrol    ,Manual       ,"EMI ₹7,373/m*"  ,₹2.80 lakh     ,
2012 Hyundai i10            ,MAGNA 1.2                          ,94.31k km  ,Petrol    ,Manual       ,"EMI ₹7,061/m*"  ,₹1.50 lakh     ,
2023 Hyundai VENUE          ,S(O) 1.2                           ,4.97k km   ,Petrol    ,Manual       ,"EMI ₹17,549/m*" ,₹9.22 lakh     ,
2015 Hyundai Verna          ,FLUIDIC 1.6 VTVT S O AT            ,75.03k km  ,Petrol    ,Auto         ,"EMI ₹8,586/m*"  ,₹3.86 lakh     ,
2023 Hyundai VENUE N LINE   ,N6 1.0 TURBO DCT                   ,15.81k km  ,Petrol    ,Auto         ,"EMI ₹22,175/m*" ,₹11.65 lakh    ,
2015 Hyundai Elite i20      ,MAGNA 1.4 CRDI                     ,61.36k km  ,Diesel    ,Manual       ,"EMI ₹11,192/m*" ,₹4.25 lakh     ,
2016 Hyundai Elite i20      ,SPORTZ 1.2                         ,72.90k km  ,Petrol    ,Manual       ,"EMI ₹7,820/m*"  ,₹4.00 lakh     ,
2019 Hyundai Creta          ,SX AT 1.6 PETROL                   ,44.62k km  ,Petrol    ,Auto         ,"EMI ₹15,551/m*" ,₹8.17 lakh     ,
2011 Hyundai i10            ,SPORTZ 1.2                         ,53.84k km  ,Petrol    ,Manual       ,"EMI ₹11,550/m*" ,₹1.30 lakh     ,
2015 Hyundai Creta          ,SX PLUS 1.6 PETROL                 ,1.3L km    ,Petrol    ,Manual       ,"EMI ₹15,349/m*" ,₹6.90 lakh     ,
2014 Hyundai Eon            ,D-LITE+                            ,7.28k km   ,Petrol    ,Manual       ,"EMI ₹3,739/m*"  ,₹1.42 lakh     ,
2016 Hyundai Creta          ,SX PLUS AT 1.6 DIESEL              ,2.0L km    ,Diesel    ,Auto         ,"EMI ₹16,861/m*" ,₹7.58 lakh     ,
2019 Hyundai Creta          ,SX 1.6 PETROL                      ,43.66k km  ,Petrol    ,Manual       ,"EMI ₹15,362/m*" ,₹7.86 lakh     ,
2016 Hyundai Creta          ,SX PLUS 1.6 PETROL                 ,31.81k km  ,Petrol    ,Manual       ,"EMI ₹12,219/m*" ,₹6.25 lakh     ,
2014 Hyundai Elite i20      ,SPORTZ 1.2                         ,40.41k km  ,Petrol    ,Manual       ,"EMI ₹9,217/m*"  ,₹3.50 lakh     ,
2014 Hyundai Verna          ,FLUIDIC 1.6 VTVT SX AT             ,96.90k km  ,Petrol    ,Auto         ,"EMI ₹11,245/m*" ,₹4.27 lakh     ,
2017 Hyundai Creta          ,SX PLUS AT 1.6 PETROL              ,63.45k km  ,Petrol    ,Auto         ,"EMI ₹14,213/m*" ,₹7.27 lakh     ,
2014 Hyundai i20            ,ASTA 1.2                           ,44.90k km  ,Petrol    ,Manual       ,"EMI ₹8,743/m*"  ,₹3.85L         ,₹3.32 lakh
2012 Hyundai Verna          ,FLUIDIC 1.4 VTVT                   ,64.70k km  ,Petrol    ,Manual       ,"EMI ₹12,945/m*" ,₹3.03L         ,₹2.75 lakh
2013 Hyundai i10            ,MAGNA 1.2                          ,55.42k km  ,Petrol    ,Manual       ,"EMI ₹5,480/m*"  ,₹2.10L         ,₹1.65 lakh
2022 Hyundai NEW I20 N LINE ,N6 1.0 TURBO GDI IMT               ,28.61k km  ,Petrol    ,Manual       ,"EMI ₹14,198/m*" ,₹9.04L         ,₹7.26 lakh
2019 Hyundai Creta          ,S 1.4 DIESEL                       ,81.38k km  ,Diesel    ,Manual       ,"EMI ₹15,838/m*" ,₹9.09L         ,₹8.32 lakh
2020 Hyundai NEW I20        ,ASTA 1.0 GDI TURBO DCT             ,71.36k km  ,Petrol    ,Auto         ,"EMI ₹13,142/m*" ,₹7.85L         ,₹6.72 lakh
2012 Hyundai i20            ,ASTA 1.2                           ,71.71k km  ,Petrol    ,Manual       ,"EMI ₹12,474/m*" ,₹2.65 lakh     ,
2018 Hyundai Grand i10      ,MAGNA AT 1.2 KAPPA VTVT            ,55.95k km  ,Petrol    ,Auto         ,"EMI ₹7,820/m*"  ,₹4.06L         ,₹4.00 lakh
2015 Hyundai Xcent          ,S 1.2                              ,36.89k km  ,Petrol    ,Manual       ,"EMI ₹6,673/m*"  ,₹3.37L         ,₹3.00 lakh
2015 Hyundai Elite i20      ,ASTA 1.2                           ,40.91k km  ,Petrol    ,Manual       ,"EMI ₹7,674/m*"  ,₹3.45 lakh     ,
