Car_Name               ,Variant                            ,Kilometers ,Fuel_Type ,Transmission ,EMI         ,Price_original ,Price  ,Kilometers_Numeric ,Price_Numeric ,Year ,EMI_Numeric
Hyundai Grand i10      ,SPORTZ 1.2 KAPPA VTVT              ,34.11k km  ,Petrol    ,Manual       ,"6,549/m*"  ,3.58L          ,3.35L  ,             34.11 ,         3.35 ,2016 ,     6549.0
Hyundai Verna          ,1.6 VTVT SX (O) AT                 ,30.23k km  ,Petrol    ,Auto         ,"13,064/m*" ,7.83L          ,6.68L  ,             30.23 ,         6.68 ,2018 ,    13064.0
Hyundai Grand i10      ,SPORTZ 1.2 KAPPA VTVT              ,63.23k km  ,Petrol    ,Manual       ,"6,843/m*"  ,3.85L          ,3.50L  ,             63.23 ,         3.5  ,2018 ,     6843.0
Hyundai Xcent          ,SX 1.2                             ,96.90k km  ,Petrol    ,Manual       ,"7,900/m*"  ,3.17L          ,3.00L  ,             96.9  ,         3.0  ,2014 ,     7900.0
Hyundai GRAND I10 NIOS ,SPORTZ AMT 1.2 KAPPA VTVT          ,40.15k km  ,Petrol    ,Auto         ,"8,895/m*"  ,4.55L          ,None   ,             40.15 ,              ,2020 ,     8895.0
Hyundai Elite i20      ,ASTA 1.2 (O)                       ,1.1L km    ,Petrol    ,Manual       ,"7,891/m*"  ,3.96L          ,3.55L  ,              1.1  ,         3.55 ,2018 ,     7891.0
Hyundai EXTER          ,SX 1.2 AMT                         ,8.80k km   ,Petrol    ,Auto         ,"14,607/m*" ,7.72L          ,7.47L  ,              8.8  ,         7.47 ,2023 ,    14607.0
Hyundai Creta          ,SX (O) 1.6 PETROL                  ,63.75k km  ,Petrol    ,Manual       ,"15,798/m*" ,8.48L          ,8.30L  ,             63.75 ,         8.3  ,2019 ,    15798.0
Hyundai NEW I20 N LINE ,N6 1.0 TURBO GDI IMT               ,11.86k km  ,Petrol    ,Manual       ,"13,392/m*" ,6.85L          ,None   ,             11.86 ,              ,2021 ,    13392.0
Hyundai Creta          ,SX PLUS AT 1.6 PETROL              ,69.95k km  ,Petrol    ,Auto         ,"11,535/m*" ,6.77L          ,5.90L  ,             69.95 ,         5.9  ,2016 ,    11535.0
Hyundai AURA           ,SX PLUS 1.2 AMT CRDI               ,57.70k km  ,Diesel    ,Auto         ,"10,601/m*" ,6.88L          ,5.42L  ,             57.7  ,         5.42 ,2020 ,    10601.0
Hyundai Xcent          ,SX 1.2                             ,1.3L km    ,CNG       ,Manual       ,"7,897/m*"  ,3.99L          ,3.55L  ,              1.3  ,         3.55 ,2019 ,     7897.0
Hyundai Grand i10      ,MAGNA 1.2 KAPPA VTVT CNG           ,58.08k km  ,CNG       ,Manual       ,"7,038/m*"  ,3.92L          ,3.60L  ,             58.08 ,         3.6  ,2019 ,     7038.0
Hyundai Grand i10      ,ASTA (O) 1.2 KAPPA VTVT            ,57.73k km  ,Petrol    ,Manual       ,"6,199/m*"  ,3.82L          ,3.17L  ,             57.73 ,         3.17 ,2016 ,     6199.0
Hyundai EXTER          ,SX 1.2 AMT                         ,6.84k km   ,Petrol    ,Auto         ,"14,702/m*" ,8.23L          ,7.52L  ,              6.84 ,         7.52 ,2023 ,    14702.0
Hyundai Elite i20      ,ASTA 1.2                           ,28.16k km  ,Petrol    ,Manual       ,"7,429/m*"  ,3.80L          ,None   ,             28.16 ,              ,2016 ,     7429.0
Hyundai i10            ,MAGNA 1.1                          ,43.17k km  ,CNG       ,Manual       ,2.18L       ,2.18L          ,2.10L  ,             43.17 ,         2.1  ,2012 ,        2.0
Hyundai New Elantra    ,2.0 S PETROL                       ,25.17k km  ,Petrol    ,Manual       ,"15,418/m*" ,12.50L         ,8.10L  ,             25.17 ,         8.1  ,2021 ,    15418.0
Hyundai NEW SANTRO     ,SPORTZ CNG                         ,38.04k km  ,CNG       ,Manual       ,"6,491/m*"  ,4.07L          ,3.32L  ,             38.04 ,         3.32 ,2018 ,     6491.0
Hyundai AURA           ,S 1.2                              ,56.76k km  ,Petrol    ,Manual       ,"9,580/m*"  ,5.28L          ,4.90L  ,             56.76 ,         4.9  ,2021 ,     9580.0
Hyundai Grand i10      ,ASTA 1.2 KAPPA VTVT                ,47.91k km  ,Petrol    ,Manual       ,"6,228/m*"  ,3.39L          ,2.80L  ,             47.91 ,         2.8  ,2015 ,     6228.0
Hyundai AURA           ,S 1.2                              ,51.01k km  ,CNG       ,Manual       ,"10,137/m*" ,6.37L          ,5.18L  ,             51.01 ,         5.18 ,2021 ,    10137.0
Hyundai AURA           ,S 1.2                              ,28.90k km  ,Petrol    ,Manual       ,"11,380/m*" ,7.02L          ,5.82L  ,             28.9  ,         5.82 ,2024 ,    11380.0
Hyundai GRAND I10 NIOS ,ASTA AMT 1.2 KAPPA VTVT            ,34.02k km  ,Petrol    ,Auto         ,"10,950/m*" ,7.21L          ,5.60L  ,             34.02 ,         5.6  ,2022 ,    10950.0
Hyundai Xcent          ,S 1.2                              ,66.76k km  ,Petrol    ,Manual       ,"6,111/m*"  ,3.31L          ,2.75L  ,             66.76 ,         2.75 ,2015 ,     6111.0
Hyundai Creta          ,SX PLUS 1.6 DIESEL SPECIAL EDITION ,76.40k km  ,Diesel    ,Manual       ,"13,528/m*" ,8.54L          ,6.92L  ,             76.4  ,         6.92 ,2017 ,    13528.0
Hyundai Grand i10      ,SPORTZ (O) AT 1.2 KAPPA VTVT       ,23.60k km  ,Petrol    ,Auto         ,"8,016/m*"  ,4.32L          ,4.10L  ,             23.6  ,         4.1  ,2017 ,     8016.0
Hyundai Grand i10      ,MAGNA 1.2 KAPPA VTVT               ,1.3L km    ,CNG       ,Manual       ,"19,991/m*" ,2.76L          ,2.25L  ,              1.3  ,         2.25 ,2013 ,    19991.0
Hyundai GRAND I10 NIOS ,ASTA 1.2 KAPPA VTVT                ,37.61k km  ,CNG       ,Manual       ,"9,971/m*"  ,6.16L          ,5.10L  ,             37.61 ,         5.1  ,2019 ,     9971.0
Hyundai VENUE          ,S 1.2                              ,24.98k km  ,Petrol    ,Manual       ,"12,121/m*" ,6.20L          ,None   ,             24.98 ,              ,2021 ,    12121.0
Hyundai Verna          ,1.6 VTVT SX (O) AT                 ,72.28k km  ,Petrol    ,Auto         ,"11,571/m*" ,6.79L          ,5.92L  ,             72.28 ,         5.92 ,2017 ,    11571.0
Hyundai VENUE          ,S 1.0 TURBO DCT                    ,46.45k km  ,Petrol    ,Auto         ,"13,685/m*" ,9.86L          ,7.00L  ,             46.45 ,         7.0  ,2019 ,    13685.0
Hyundai Xcent          ,S 1.2                              ,71.70k km  ,Petrol    ,Manual       ,"6,857/m*"  ,3.20L          ,3.08L  ,             71.7  ,         3.08 ,2015 ,     6857.0
Hyundai VENUE          ,SX 1.0 TURBO IMT                   ,63.77k km  ,Petrol    ,Manual       ,"13,426/m*" ,7.50L          ,6.87L  ,             63.77 ,         6.87 ,2020 ,    13426.0
Hyundai Verna          ,FLUIDIC 1.6 CRDI SX 4S             ,62.61k km  ,Diesel    ,Manual       ,"13,429/m*" ,7.02L          ,5.10L  ,             62.61 ,         5.1  ,2015 ,    13429.0
Hyundai Eon            ,MAGNA +                            ,47.06k km  ,Petrol    ,Manual       ,"6,477/m*"  ,2.57L          ,1.95L  ,             47.06 ,         1.95 ,2013 ,     6477.0
Hyundai Xcent          ,E+                                 ,1.0L km    ,Petrol    ,Manual       ,"6,731/m*"  ,4.39L          ,3.03L  ,              1.0  ,         3.03 ,2017 ,     6731.0
Hyundai Creta          ,SX PLUS 1.6 PETROL                 ,49.69k km  ,Petrol    ,Manual       ,"11,665/m*" ,6.65L          ,5.97L  ,             49.69 ,         5.97 ,2017 ,    11665.0
Hyundai Elite i20      ,ASTA 1.2                           ,54.37k km  ,Petrol    ,Manual       ,"9,780/m*"  ,5.23L          ,5.00L  ,             54.37 ,         5.0  ,2018 ,     9780.0
Hyundai Elite i20      ,MAGNA 1.2                          ,99.66k km  ,Petrol    ,Manual       ,"7,007/m*"  ,3.55L          ,3.15L  ,             99.66 ,         3.15 ,2015 ,     7007.0
Hyundai Creta          ,SX 1.6 DIESEL                      ,98.67k km  ,Diesel    ,Manual       ,"13,391/m*" ,7.05L          ,6.02L  ,             98.67 ,         6.02 ,2016 ,    13391.0
Hyundai Verna          ,1.6 VTVT SX (O) AT                 ,69.47k km  ,Petrol    ,Auto         ,"13,087/m*" ,6.94L          ,6.69L  ,             69.47 ,         6.69 ,2018 ,    13087.0
Hyundai NEW SANTRO     ,ASTA MT                            ,39.33k km  ,Petrol    ,Manual       ,"7,440/m*"  ,4.66L          ,3.81L  ,             39.33 ,         3.81 ,2021 ,     7440.0
Hyundai Creta          ,SX PLUS 1.6 PETROL                 ,87.77k km  ,Petrol    ,Manual       ,"12,568/m*" ,5.82L          ,5.65L  ,             87.77 ,         5.65 ,2015 ,    12568.0
Hyundai NEW I20        ,ASTA (O) 1.0 TURBO GDI DCT         ,31.68k km  ,Petrol    ,Auto         ,"14,282/m*" ,8.43L          ,7.31L  ,             31.68 ,         7.31 ,2021 ,    14282.0
Hyundai Creta          ,E PLUS 1.6 PETROL                  ,42.44k km  ,Petrol    ,Manual       ,"13,006/m*" ,7.52L          ,6.65L  ,             42.44 ,         6.65 ,2019 ,    13006.0
Hyundai Creta          ,SX PLUS 1.6 PETROL                 ,43.58k km  ,Petrol    ,Manual       ,"12,863/m*" ,6.83L          ,6.58L  ,             43.58 ,         6.58 ,2017 ,    12863.0
Hyundai VENUE          ,SX 1.0 TURBO IMT                   ,64.85k km  ,Petrol    ,Manual       ,"12,899/m*" ,7.07L          ,6.60L  ,             64.85 ,         6.6  ,2020 ,    12899.0
Hyundai NEW I20        ,ASTA (O) 1.2 AT                    ,30.04k km  ,Petrol    ,Auto         ,"15,513/m*" ,9.28L          ,8.15L  ,             30.04 ,         8.15 ,2022 ,    15513.0
Hyundai VENUE          ,SX 1.0 TURBO IMT                   ,72.27k km  ,Petrol    ,Manual       ,"12,166/m*" ,7.38L          ,6.22L  ,             72.27 ,         6.22 ,2020 ,    12166.0
Hyundai i20            ,SPORTZ 1.2                         ,30.92k km  ,Petrol    ,Manual       ,"9,134/m*"  ,2.75L          ,None   ,             30.92 ,              ,2013 ,     9134.0
Hyundai Grand i10      ,SPORTZ 1.2 KAPPA VTVT              ,33.52k km  ,Petrol    ,Manual       ,"7,242/m*"  ,2.75L          ,None   ,             33.52 ,              ,2014 ,     7242.0
Hyundai Xcent          ,S 1.2                              ,1.1L km    ,Petrol    ,Manual       ,"7,563/m*"  ,3.87L          ,3.40L  ,              1.1  ,         3.4  ,2016 ,     7563.0
Hyundai Creta          ,SX PLUS 1.6 PETROL                 ,81.04k km  ,Petrol    ,Manual       ,"10,068/m*" ,5.92L          ,5.15L  ,             81.04 ,         5.15 ,2016 ,    10068.0
Hyundai VENUE          ,SX 1.0 (O) TURBO IMT               ,22.47k km  ,Petrol    ,Manual       ,"16,274/m*" ,9.16L          ,8.55L  ,             22.47 ,         8.55 ,2022 ,    16274.0
Hyundai Grand i10      ,ASTA 1.2 KAPPA VTVT                ,34.46k km  ,Petrol    ,Manual       ,"8,295/m*"  ,3.33L          ,3.15L  ,             34.46 ,         3.15 ,2014 ,     8295.0
Hyundai VENUE          ,SX 1.0 TURBO IMT                   ,38.02k km  ,Petrol    ,Manual       ,"13,783/m*" ,7.63L          ,7.05L  ,             38.02 ,         7.05 ,2021 ,    13783.0
Hyundai VENUE          ,SX 1.0 TURBO                       ,71.15k km  ,Petrol    ,Manual       ,"12,121/m*" ,6.44L          ,6.20L  ,             71.15 ,         6.2  ,2019 ,    12121.0
Hyundai VENUE          ,S 1.2                              ,28.41k km  ,Petrol    ,Manual       ,"11,535/m*" ,5.90L          ,None   ,             28.41 ,              ,2021 ,    11535.0
Hyundai Grand i10      ,MAGNA U2 1.2 CRDI                  ,50.83k km  ,Diesel    ,Manual       ,"8,213/m*"  ,4.20L          ,None   ,             50.83 ,              ,2018 ,     8213.0
Hyundai Elite i20      ,ASTA 1.2 (O)                       ,90.54k km  ,Petrol    ,Manual       ,"10,068/m*" ,5.31L          ,5.15L  ,             90.54 ,         5.15 ,2019 ,    10068.0
Hyundai GRAND I10 NIOS ,SPORTZ 1.2 KAPPA VTVT CNG          ,45.47k km  ,CNG       ,Manual       ,"10,166/m*" ,5.34L          ,5.20L  ,             45.47 ,         5.2  ,2021 ,    10166.0
Hyundai Grand i10      ,SPORTZ 1.2 KAPPA VTVT              ,40.82k km  ,Petrol    ,Manual       ,"6,896/m*"  ,3.10L          ,None   ,             40.82 ,              ,2015 ,     6896.0
Hyundai Creta          ,E PLUS 1.4 DIESEL                  ,49.97k km  ,Diesel    ,Manual       ,"14,218/m*" ,7.27L          ,None   ,             49.97 ,              ,2017 ,    14218.0
Hyundai Elite i20      ,SPORTZ 1.2                         ,43.32k km  ,Petrol    ,Manual       ,"9,085/m*"  ,3.45L          ,None   ,             43.32 ,              ,2014 ,     9085.0
Hyundai AURA           ,SX PLUS 1.2 AMT                    ,23.94k km  ,Petrol    ,Auto         ,"10,753/m*" ,5.96L          ,5.50L  ,             23.94 ,         5.5  ,2020 ,    10753.0
Hyundai Grand i10      ,MAGNA 1.2 KAPPA VTVT               ,87.55k km  ,Petrol    ,Manual       ,"8,650/m*"  ,2.60L          ,None   ,             87.55 ,              ,2013 ,     8650.0
Hyundai Eon            ,ERA                                ,69.24k km  ,Petrol    ,Manual       ,"4,801/m*"  ,1.02L          ,None   ,             69.24 ,              ,2012 ,     4801.0
Hyundai Eon            ,ERA +                              ,34.76k km  ,Petrol    ,Manual       ,"5,602/m*"  ,1.19L          ,None   ,             34.76 ,              ,2012 ,     5602.0
Hyundai Eon            ,MAGNA +                            ,31.11k km  ,Petrol    ,Manual       ,"5,142/m*"  ,2.63L          ,None   ,             31.11 ,              ,2017 ,     5142.0
Hyundai Grand i10      ,SPORTZ 1.2 KAPPA VTVT              ,45.25k km  ,Petrol    ,Manual       ,"7,242/m*"  ,2.75L          ,None   ,             45.25 ,              ,2014 ,     7242.0
Hyundai Verna          ,FLUIDIC 4S1.6 VTVT SX AT           ,42.24k km  ,Petrol    ,Auto         ,"8,504/m*"  ,4.35L          ,None   ,             42.24 ,              ,2016 ,     8504.0
Hyundai i20            ,ASTA 1.2                           ,1.1L km    ,Petrol    ,Manual       ,"9,933/m*"  ,2.11L          ,None   ,              1.1  ,              ,2012 ,     9933.0
Hyundai Grand i10      ,SPORTZ 1.2 KAPPA VTVT              ,13.34k km  ,Petrol    ,Manual       ,"7,038/m*"  ,3.60L          ,None   ,             13.34 ,              ,2016 ,     7038.0
Hyundai i20            ,MAGNA 1.2                          ,1.5L km    ,Petrol    ,Manual       ,1.32 lakh   ,1.32L          ,None   ,              1.5  ,              ,2010 ,        1.0
Hyundai Eon            ,MAGNA +                            ,94.16k km  ,Petrol    ,Manual       ,"8,756/m*"  ,1.86L          ,None   ,             94.16 ,              ,2012 ,     8756.0
Hyundai i10            ,SPORTZ 1.2                         ,89.20k km  ,Petrol    ,Manual       ,"12,883/m*" ,1.45L          ,None   ,             89.2  ,              ,2011 ,    12883.0
Hyundai Creta          ,SX PLUS AT 1.6 DIESEL              ,63.36k km  ,Diesel    ,Auto         ,"14,663/m*" ,7.50L          ,None   ,             63.36 ,              ,2017 ,    14663.0
Hyundai VENUE          ,E 1.2                              ,35.43k km  ,Petrol    ,Manual       ,"11,417/m*" ,5.84L          ,None   ,             35.43 ,              ,2020 ,    11417.0
Hyundai Verna          ,1.6 VTVT SX (O) AT                 ,58.41k km  ,Petrol    ,Auto         ,"10,968/m*" ,5.61L          ,None   ,             58.41 ,              ,2018 ,    10968.0
Hyundai i10            ,MAGNA 1.1                          ,31.48k km  ,Petrol    ,Manual       ,"6,078/m*"  ,1.83L          ,None   ,             31.48 ,              ,2013 ,     6078.0
Hyundai i10            ,ERA 1.1                            ,60.00k km  ,Petrol    ,Manual       ,"8,944/m*"  ,1.90L          ,None   ,             60.0  ,              ,2012 ,     8944.0
Hyundai Elite i20      ,SPORTZ 1.2                         ,59.33k km  ,Petrol    ,Manual       ,"7,058/m*"  ,3.61L          ,None   ,             59.33 ,              ,2016 ,     7058.0
Hyundai Eon            ,SPORTZ                             ,43.87k km  ,Petrol    ,Manual       ,"6,590/m*"  ,1.40L          ,None   ,             43.87 ,              ,2012 ,     6590.0
Hyundai i10            ,SPORTZ 1.1 LPG                     ,51.44k km  ,Petrol    ,Manual       ,"6,975/m*"  ,2.10L          ,None   ,             51.44 ,              ,2013 ,     6975.0
Hyundai Grand i10      ,MAGNA 1.2 KAPPA VTVT               ,41.45k km  ,Petrol    ,Manual       ,"5,784/m*"  ,2.60L          ,None   ,             41.45 ,              ,2017 ,     5784.0
Hyundai Verna          ,FLUIDIC 1.6 CRDI SX                ,90.00k km  ,Diesel    ,Manual       ,"20,524/m*" ,2.31L          ,None   ,             90.0  ,              ,2012 ,    20524.0
Hyundai NEW SANTRO     ,SPORTZ MT                          ,4.41k km   ,Petrol    ,Manual       ,"6,139/m*"  ,3.14L          ,None   ,              4.41 ,              ,2020 ,     6139.0
Hyundai Verna          ,FLUIDIC 1.6 VTVT EX                ,60.00k km  ,Petrol    ,Manual       ,"7,141/m*"  ,2.15L          ,None   ,             60.0  ,              ,2013 ,     7141.0
Hyundai Elite i20      ,MAGNA 1.2                          ,63.90k km  ,Petrol    ,Manual       ,"7,331/m*"  ,3.75L          ,None   ,             63.9  ,              ,2017 ,     7331.0
Hyundai i20 Active     ,1.4 SX                             ,1.1L km    ,Diesel    ,Manual       ,"9,320/m*"  ,4.19L          ,None   ,              1.1  ,              ,2017 ,     9320.0
Hyundai i10            ,MAGNA 1.1                          ,17.90k km  ,Petrol    ,Manual       ,"11,768/m*" ,2.75L          ,2.50L  ,             17.9  ,         2.5  ,2012 ,    11768.0
Hyundai i20            ,MAGNA 1.2                          ,58.70k km  ,Petrol    ,Manual       ,"5,979/m*"  ,2.25L          ,1.80L  ,             58.7  ,         1.8  ,2013 ,     5979.0
Hyundai VENUE          ,SX 1.5 CRDI                        ,45.52k km  ,Diesel    ,Manual       ,"15,836/m*" ,8.32L          ,None   ,             45.52 ,              ,2021 ,    15836.0
Hyundai Verna          ,FLUIDIC 1.6 VTVT SX                ,82.16k km  ,Petrol    ,Manual       ,"13,327/m*" ,1.50L          ,None   ,             82.16 ,              ,2011 ,    13327.0
Hyundai i10            ,ERA 1.1                            ,36.63k km  ,Petrol    ,Manual       ,"10,780/m*" ,2.29L          ,None   ,             36.63 ,              ,2012 ,    10780.0
Hyundai i10            ,SPORTZ 1.1                         ,55.37k km  ,Petrol    ,Manual       ,"7,663/m*"  ,2.91L          ,None   ,             55.37 ,              ,2014 ,     7663.0
Hyundai VENUE          ,SX 1.2 PETROL                      ,25.69k km  ,Petrol    ,Manual       ,"15,817/m*" ,8.31L          ,None   ,             25.69 ,              ,2022 ,    15817.0
Hyundai VENUE          ,SX PLUS 1.0 TURBO DCT              ,39.76k km  ,Petrol    ,Auto         ,"16,655/m*" ,8.75L          ,None   ,             39.76 ,              ,2022 ,    16655.0
Hyundai i20            ,SPORTZ 1.2                         ,66.20k km  ,Petrol    ,Manual       ,"9,415/m*"  ,2.00L          ,None   ,             66.2  ,              ,2012 ,     9415.0
Hyundai i20            ,SPORTZ 1.2                         ,35.70k km  ,Petrol    ,Manual       ,"10,874/m*" ,2.31L          ,None   ,             35.7  ,              ,2012 ,    10874.0
Hyundai Elite i20      ,MAGNA EXECUTIVE 1.2                ,41.69k km  ,Petrol    ,Manual       ,"7,488/m*"  ,3.83L          ,None   ,             41.69 ,              ,2018 ,     7488.0
Hyundai i20            ,MAGNA 1.2                          ,21.81k km  ,Petrol    ,Manual       ,"11,691/m*" ,3.52L          ,None   ,             21.81 ,              ,2013 ,    11691.0
Hyundai i20            ,ASTA 1.2                           ,1.2L km    ,Petrol    ,Manual       ,"11,910/m*" ,2.53L          ,None   ,              1.2  ,              ,2012 ,    11910.0
Hyundai i10            ,ERA 1.1                            ,21.30k km  ,Petrol    ,Manual       ,"5,248/m*"  ,1.58L          ,None   ,             21.3  ,              ,2013 ,     5248.0
Hyundai i10            ,SPORTZ 1.1                         ,96.56k km  ,Petrol    ,Manual       ,"6,662/m*"  ,2.53L          ,None   ,             96.56 ,              ,2014 ,     6662.0
Hyundai Eon            ,SPORTZ                             ,69.31k km  ,Petrol    ,Manual       ,"3,608/m*"  ,1.37L          ,None   ,             69.31 ,              ,2014 ,     3608.0
Hyundai i10            ,MAGNA 1.2                          ,39.22k km  ,Petrol    ,Manual       ,"5,281/m*"  ,1.59L          ,None   ,             39.22 ,              ,2013 ,     5281.0
Hyundai Elite i20      ,SPORTZ 1.2                         ,67.90k km  ,Petrol    ,Manual       ,"6,999/m*"  ,3.58L          ,None   ,             67.9  ,              ,2016 ,     6999.0
Hyundai i20            ,SPORTZ 1.2                         ,99.31k km  ,Petrol    ,Manual       ,"13,949/m*" ,1.57L          ,None   ,             99.31 ,              ,2011 ,    13949.0
Hyundai i10            ,ERA 1.1                            ,87.01k km  ,Petrol    ,Manual       ,"4,816/m*"  ,1.45L          ,None   ,             87.01 ,              ,2013 ,     4816.0
Hyundai i20            ,SPORTZ 1.2                         ,75.06k km  ,Petrol    ,Manual       ,"6,967/m*"  ,1.48L          ,None   ,             75.06 ,              ,2012 ,     6967.0
Hyundai i20            ,MAGNA 1.2                          ,73.10k km  ,Petrol    ,Manual       ,"6,311/m*"  ,1.90L          ,None   ,             73.1  ,              ,2013 ,     6311.0
Hyundai i20            ,SPORTZ 1.2                         ,32.56k km  ,Petrol    ,Manual       ,"6,942/m*"  ,2.09L          ,None   ,             32.56 ,              ,2013 ,     6942.0
Hyundai i10            ,SPORTZ 1.2 AT                      ,7.55k km   ,Petrol    ,Auto         ,"10,168/m*" ,2.16L          ,None   ,              7.55 ,              ,2012 ,    10168.0
Hyundai i20            ,SPORTZ 1.2                         ,61.90k km  ,Petrol    ,Manual       ,"11,721/m*" ,2.49L          ,None   ,             61.9  ,              ,2012 ,    11721.0
Hyundai Verna          ,1.6 VTVT SX O                      ,77.19k km  ,Petrol    ,Manual       ,"11,593/m*" ,5.93L          ,None   ,             77.19 ,              ,2017 ,    11593.0
Hyundai i10            ,SPORTZ 1.2                         ,46.31k km  ,Petrol    ,Manual       ,"7,579/m*"  ,1.61L          ,None   ,             46.31 ,              ,2012 ,     7579.0
Hyundai Verna          ,FLUIDIC 1.6 VTVT SX                ,76.89k km  ,Petrol    ,Manual       ,"12,522/m*" ,2.66L          ,None   ,             76.89 ,              ,2012 ,    12522.0
Hyundai Verna          ,FLUIDIC 1.6 VTVT SX                ,87.00k km  ,Petrol    ,Manual       ,"16,881/m*" ,2.00L          ,1.90L  ,             87.0  ,         1.9  ,2011 ,    16881.0
Hyundai Verna          ,1.6 VTVT SX AT                     ,62.58k km  ,Petrol    ,Auto         ,"12,560/m*" ,6.42L          ,None   ,             62.58 ,              ,2016 ,    12560.0
Hyundai Creta          ,E 1.5 PETROL                       ,13.28k km  ,Petrol    ,Manual       ,"19,986/m*" ,10.50L         ,None   ,             13.28 ,              ,2024 ,    19986.0
Hyundai i20            ,MAGNA 1.2                          ,48.83k km  ,Petrol    ,Manual       ,1.36 lakh   ,1.36L          ,None   ,             48.83 ,              ,2010 ,        1.0
Hyundai i20            ,MAGNA 1.2                          ,87.48k km  ,Petrol    ,Manual       ,"6,120/m*"  ,1.40L          ,1.30L  ,             87.48 ,         1.3  ,2012 ,     6120.0
Hyundai i20            ,MAGNA 1.2                          ,73.47k km  ,Petrol    ,Manual       ,"11,995/m*" ,1.35L          ,None   ,             73.47 ,              ,2011 ,    11995.0
Hyundai i10            ,SPORTZ 1.2                         ,44.37k km  ,Petrol    ,Manual       ,"13,860/m*" ,1.56L          ,None   ,             44.37 ,              ,2011 ,    13860.0
Hyundai i20            ,SPORTZ 1.2                         ,1.1L km    ,Petrol    ,Manual       ,1.51 lakh   ,1.51L          ,None   ,              1.1  ,              ,2010 ,        1.0
Hyundai Grand i10      ,ASTA 1.2 KAPPA VTVT                ,18.29k km  ,Petrol    ,Manual       ,"6,803/m*"  ,3.48L          ,None   ,             18.29 ,              ,2017 ,     6803.0
Hyundai Xcent          ,S 1.2                              ,98.00k km  ,Petrol    ,Manual       ,"8,954/m*"  ,3.40L          ,None   ,             98.0  ,              ,2014 ,     8954.0
Hyundai i20            ,SPORTZ 1.2                         ,90.77k km  ,Petrol    ,Manual       ,"7,532/m*"  ,1.60L          ,None   ,             90.77 ,              ,2012 ,     7532.0
Hyundai i20            ,ASTA 1.2                           ,1.4L km    ,Petrol    ,Manual       ,"14,660/m*" ,1.70L          ,1.65L  ,              1.4  ,         1.65 ,2011 ,    14660.0
Hyundai i10            ,ASTA 1.2                           ,78.52k km  ,Petrol    ,Manual       ,0.97 lakh   ,0.97L          ,None   ,             78.52 ,              ,2010 ,        0.0
Hyundai i20            ,ASTA 1.2                           ,67.55k km  ,Petrol    ,Manual       ,"15,815/m*" ,1.78L          ,None   ,             67.55 ,              ,2011 ,    15815.0
Hyundai Grand i10      ,SPORTZ (O) AT 1.2 KAPPA VTVT       ,42.88k km  ,Petrol    ,Auto         ,"5,865/m*"  ,3.00L          ,None   ,             42.88 ,              ,2017 ,     5865.0
Hyundai VENUE          ,S+ 1.2                             ,41.64k km  ,Petrol    ,Manual       ,"12,121/m*" ,6.40L          ,6.20L  ,             41.64 ,         6.2  ,2021 ,    12121.0
Hyundai i20            ,SPORTZ 1.2                         ,76.42k km  ,Petrol    ,Manual       ,"7,971/m*"  ,2.40L          ,None   ,             76.42 ,              ,2013 ,     7971.0
Hyundai i10            ,SPORTZ 1.2                         ,1.0L km    ,Petrol    ,Manual       ,1.02 lakh   ,1.02L          ,None   ,              1.0  ,              ,2010 ,        1.0
Hyundai i20            ,ASTA 1.2                           ,88.62k km  ,Petrol    ,Manual       ,"12,439/m*" ,1.40L          ,None   ,             88.62 ,              ,2011 ,    12439.0
Hyundai i20            ,ASTA 1.2                           ,82.78k km  ,Petrol    ,Manual       ,"6,178/m*"  ,1.86L          ,None   ,             82.78 ,              ,2013 ,     6178.0
Hyundai i20            ,MAGNA 1.2                          ,33.18k km  ,Petrol    ,Manual       ,"9,533/m*"  ,2.87L          ,None   ,             33.18 ,              ,2013 ,     9533.0
Hyundai i20            ,ASTA 1.2                           ,80.29k km  ,Petrol    ,Manual       ,"9,034/m*"  ,2.72L          ,None   ,             80.29 ,              ,2013 ,     9034.0
Hyundai i10            ,SPORTZ 1.2                         ,68.40k km  ,Petrol    ,Manual       ,1.21 lakh   ,1.21L          ,None   ,             68.4  ,              ,2010 ,        1.0
Hyundai i20            ,ASTA 1.4 CRDI                      ,1.5L km    ,Diesel    ,Manual       ,"22,390/m*" ,2.52L          ,None   ,              1.5  ,              ,2012 ,    22390.0
Hyundai i20            ,MAGNA (O) 1.2                      ,61.11k km  ,Petrol    ,Manual       ,"14,571/m*" ,1.64L          ,None   ,             61.11 ,              ,2011 ,    14571.0
Hyundai i10            ,SPORTZ 1.2 AT                      ,74.28k km  ,Petrol    ,Auto         ,"6,444/m*"  ,1.94L          ,None   ,             74.28 ,              ,2013 ,     6444.0
Hyundai i20            ,MAGNA (O) 1.2                      ,23.52k km  ,Petrol    ,Manual       ,1.33 lakh   ,1.33L          ,None   ,             23.52 ,              ,2010 ,        1.0
Hyundai i20            ,MAGNA (O) 1.2                      ,31.72k km  ,Petrol    ,Manual       ,"7,110/m*"  ,2.70L          ,None   ,             31.72 ,              ,2014 ,     7110.0
Hyundai i20            ,SPORTZ 1.2                         ,48.84k km  ,Petrol    ,Manual       ,1.28 lakh   ,1.28L          ,None   ,             48.84 ,              ,2010 ,        1.0
Hyundai Accent         ,GLE                                ,96.08k km  ,Petrol    ,Manual       ,"10,751/m*" ,1.21L          ,None   ,             96.08 ,              ,2011 ,    10751.0
Hyundai Elite i20      ,SPORTZ 1.2                         ,42.15k km  ,Petrol    ,Manual       ,"7,296/m*"  ,3.28L          ,None   ,             42.15 ,              ,2015 ,     7296.0
Hyundai i20            ,SPORTZ 1.2                         ,82.00k km  ,Petrol    ,Manual       ,1.40 lakh   ,1.40L          ,None   ,             82.0  ,              ,2010 ,        1.0
Hyundai Elite i20      ,ASTA 1.2                           ,75.83k km  ,Petrol    ,Manual       ,"8,297/m*"  ,3.73L          ,None   ,             75.83 ,              ,2015 ,     8297.0
Hyundai Verna          ,FLUIDIC 1.6 VTVT EX                ,58.10k km  ,Petrol    ,Manual       ,"12,380/m*" ,2.63L          ,None   ,             58.1  ,              ,2012 ,    12380.0
Hyundai Grand i10      ,MAGNA 1.2 KAPPA VTVT               ,1.2L km    ,Petrol    ,Manual       ,"7,096/m*"  ,3.19L          ,None   ,              1.2  ,              ,2018 ,     7096.0
Hyundai i10            ,MAGNA 1.1                          ,62.66k km  ,Petrol    ,Manual       ,"6,073/m*"  ,2.73L          ,None   ,             62.66 ,              ,2015 ,     6073.0
Hyundai i10            ,SPORTZ 1.2 AT                      ,65.21k km  ,Petrol    ,Auto         ,"9,179/m*"  ,1.95L          ,None   ,             65.21 ,              ,2012 ,     9179.0
Hyundai i10            ,SPORTZ 1.2                         ,46.50k km  ,Petrol    ,Manual       ,"14,394/m*" ,1.62L          ,None   ,             46.5  ,              ,2011 ,    14394.0
Hyundai Eon            ,MAGNA +                            ,35.12k km  ,Petrol    ,Manual       ,"4,371/m*"  ,1.66L          ,None   ,             35.12 ,              ,2014 ,     4371.0
Hyundai i20            ,SPORTZ 1.2                         ,1.1L km    ,Petrol    ,Manual       ,"7,905/m*"  ,2.38L          ,None   ,              1.1  ,              ,2013 ,     7905.0
Hyundai i10            ,SPORTZ 1.2                         ,71.01k km  ,Petrol    ,Manual       ,1.21 lakh   ,1.21L          ,None   ,             71.01 ,              ,2010 ,        1.0
Hyundai Verna          ,TRANSFORM 1.6 VTVT                 ,57.46k km  ,Petrol    ,Manual       ,2.27 lakh   ,2.27L          ,None   ,             57.46 ,              ,2010 ,        2.0
Hyundai Xcent          ,S (O) 1.2                          ,1.0L km    ,Petrol    ,Manual       ,"6,117/m*"  ,2.85L          ,2.75L  ,              1.0  ,         2.75 ,2015 ,     6117.0
Hyundai Verna          ,FLUIDIC 1.6 VTVT SX                ,98.09k km  ,Petrol    ,Manual       ,"7,505/m*"  ,2.95L          ,2.85L  ,             98.09 ,         2.85 ,2014 ,     7505.0
Hyundai Grand i10      ,ASTA (O) 1.2 KAPPA VTVT            ,88.91k km  ,Petrol    ,Manual       ,"7,274/m*"  ,2.19L          ,None   ,             88.91 ,              ,2013 ,     7274.0
Hyundai i20            ,ASTA 1.2                           ,1.0L km    ,Petrol    ,Manual       ,"15,904/m*" ,1.79L          ,None   ,              1.0  ,              ,2011 ,    15904.0
Hyundai VENUE          ,SX 1.0 TURBO IMT DUAL TONE SPORT   ,52.12k km  ,Petrol    ,Manual       ,"12,219/m*" ,6.40L          ,6.25L  ,             52.12 ,         6.25 ,2021 ,    12219.0
Hyundai i10            ,MAGNA 1.2                          ,41.29k km  ,Petrol    ,Manual       ,"6,449/m*"  ,1.37L          ,None   ,             41.29 ,              ,2012 ,     6449.0
Hyundai GRAND I10 NIOS ,SPORTZ 1.2 KAPPA VTVT              ,45.37k km  ,Petrol    ,Manual       ,"8,622/m*"  ,4.41L          ,None   ,             45.37 ,              ,2019 ,     8622.0
Hyundai i20            ,MAGNA (O) 1.2                      ,1.1L km    ,Petrol    ,Manual       ,"11,550/m*" ,1.30L          ,None   ,              1.1  ,              ,2011 ,    11550.0
Hyundai i10            ,MAGNA 1.2                          ,29.62k km  ,Petrol    ,Manual       ,"6,025/m*"  ,1.28L          ,None   ,             29.62 ,              ,2012 ,     6025.0
Hyundai Verna          ,1.6 VTVT SX O                      ,47.86k km  ,Petrol    ,Manual       ,"11,632/m*" ,5.95L          ,None   ,             47.86 ,              ,2018 ,    11632.0
Hyundai i20            ,MAGNA 1.2                          ,50.25k km  ,Petrol    ,Manual       ,"13,860/m*" ,1.56L          ,None   ,             50.25 ,              ,2011 ,    13860.0
Hyundai Verna          ,FLUIDIC 1.6 VTVT SX                ,1.1L km    ,Petrol    ,Manual       ,"8,868/m*"  ,2.67L          ,None   ,              1.1  ,              ,2013 ,     8868.0
Hyundai i10            ,SPORTZ 1.2                         ,1.6L km    ,Petrol    ,Manual       ,"7,861/m*"  ,1.67L          ,None   ,              1.6  ,              ,2012 ,     7861.0
Hyundai Grand i10      ,MAGNA 1.2 KAPPA VTVT               ,1.0L km    ,Petrol    ,Manual       ,"7,630/m*"  ,3.43L          ,None   ,              1.0  ,              ,2018 ,     7630.0
Hyundai i10            ,MAGNA 1.1                          ,23.00k km  ,Petrol    ,Manual       ,0.98 lakh   ,0.98L          ,None   ,             23.0  ,              ,2010 ,        0.0
Hyundai i20            ,SPORTZ 1.4 CRDI                    ,76.15k km  ,Diesel    ,Manual       ,1.65 lakh   ,1.65L          ,None   ,             76.15 ,              ,2011 ,        1.0
Hyundai Xcent          ,SX 1.2 (O)                         ,81.88k km  ,Petrol    ,Manual       ,"7,294/m*"  ,2.77L          ,None   ,             81.88 ,              ,2014 ,     7294.0
Hyundai Creta          ,SX PLUS 1.6 PETROL                 ,83.14k km  ,Petrol    ,Manual       ,"11,730/m*" ,6.00L          ,None   ,             83.14 ,              ,2016 ,    11730.0
Hyundai i10            ,MAGNA 1.2                          ,99.85k km  ,Petrol    ,Manual       ,0.92 lakh   ,0.92L          ,None   ,             99.85 ,              ,2010 ,        0.0
Hyundai i20            ,ASTA 1.2                           ,98.05k km  ,Petrol    ,Manual       ,1.27 lakh   ,1.27L          ,None   ,             98.05 ,              ,2010 ,        1.0
Hyundai Verna          ,FLUIDIC 1.6 VTVT                   ,51.83k km  ,Petrol    ,Manual       ,"19,102/m*" ,2.15L          ,None   ,             51.83 ,              ,2011 ,    19102.0
Hyundai i20            ,MAGNA (O) 1.2                      ,30.32k km  ,Petrol    ,Manual       ,"13,772/m*" ,1.55L          ,None   ,             30.32 ,              ,2011 ,    13772.0
Hyundai i10            ,SPORTZ 1.2                         ,4.12k km   ,Petrol    ,Manual       ,1.08 lakh   ,1.08L          ,None   ,              4.12 ,              ,2010 ,        1.0
Hyundai i10            ,MAGNA 1.2                          ,56.98k km  ,Petrol    ,Manual       ,"7,049/m*"  ,1.50L          ,None   ,             56.98 ,              ,2012 ,     7049.0
Hyundai Grand i10      ,SPORTZ (O) AT 1.2 KAPPA VTVT       ,1.6L km    ,Petrol    ,Auto         ,"6,673/m*"  ,3.49L          ,3.00L  ,              1.6  ,         3.0  ,2017 ,     6673.0
Hyundai Creta          ,SX PLUS AT 1.6 DIESEL              ,90.96k km  ,Diesel    ,Auto         ,"19,894/m*" ,9.15L          ,None   ,             90.96 ,              ,2016 ,    19894.0
Hyundai Verna          ,FLUIDIC 1.6 CRDI SX                ,1.4L km    ,Diesel    ,Manual       ,2.31 lakh   ,2.31L          ,None   ,              1.4  ,              ,2011 ,        2.0
Hyundai Xcent          ,S 1.2                              ,1.2L km    ,Petrol    ,Manual       ,"8,348/m*"  ,3.17L          ,None   ,              1.2  ,              ,2014 ,     8348.0
Hyundai Grand i10      ,ASTA AT 1.2 KAPPA VTVT             ,65.00k km  ,Petrol    ,Auto         ,"7,979/m*"  ,3.03L          ,None   ,             65.0  ,              ,2014 ,     7979.0
Hyundai Xcent          ,S 1.2                              ,48.20k km  ,Petrol    ,Manual       ,"6,823/m*"  ,3.49L          ,None   ,             48.2  ,              ,2016 ,     6823.0
Hyundai i10            ,ERA 1.1                            ,66.96k km  ,Petrol    ,Manual       ,"10,129/m*" ,1.14L          ,None   ,             66.96 ,              ,2011 ,    10129.0
Hyundai i20            ,SPORTZ 1.2                         ,68.70k km  ,Petrol    ,Manual       ,"6,768/m*"  ,2.57L          ,None   ,             68.7  ,              ,2014 ,     6768.0
Hyundai i10            ,SPORTZ 1.1                         ,76.53k km  ,Petrol    ,Manual       ,"4,164/m*"  ,2.13L          ,None   ,             76.53 ,              ,2016 ,     4164.0
Hyundai i20            ,SPORTZ 1.4 CRDI                    ,95.38k km  ,Diesel    ,Manual       ,2.00 lakh   ,2.00L          ,None   ,             95.38 ,              ,2010 ,        2.0
Hyundai Eon            ,ERA +                              ,29.20k km  ,Petrol    ,Manual       ,"5,082/m*"  ,1.93L          ,None   ,             29.2  ,              ,2014 ,     5082.0
Hyundai Santro Xing    ,GL PLUS (CNG)                      ,86.86k km  ,Petrol    ,Manual       ,"5,790/m*"  ,1.23L          ,None   ,             86.86 ,              ,2012 ,     5790.0
Hyundai Verna          ,FLUIDIC 1.6 VTVT SX                ,29.12k km  ,Petrol    ,Manual       ,"8,954/m*"  ,3.40L          ,None   ,             29.12 ,              ,2014 ,     8954.0
Hyundai i20            ,ASTA 1.2                           ,51.01k km  ,Petrol    ,Manual       ,"9,732/m*"  ,2.93L          ,None   ,             51.01 ,              ,2013 ,     9732.0
Hyundai i10            ,SPORTZ 1.2 AT                      ,70.83k km  ,Petrol    ,Auto         ,"11,461/m*" ,1.29L          ,None   ,             70.83 ,              ,2011 ,    11461.0
Hyundai i10            ,ASTA 1.2 AT SUNROOF                ,63.02k km  ,Petrol    ,Auto         ,1.67 lakh   ,1.67L          ,None   ,             63.02 ,              ,2010 ,        1.0
Hyundai Verna          ,1.6 CRDI SX + AT                   ,88.64k km  ,Diesel    ,Auto         ,"15,073/m*" ,7.71L          ,None   ,             88.64 ,              ,2018 ,    15073.0
Hyundai i20            ,ASTA 1.4 AT                        ,40.43k km  ,Petrol    ,Auto         ,"12,663/m*" ,2.69L          ,None   ,             40.43 ,              ,2012 ,    12663.0
Hyundai i20            ,ASTA 1.2                           ,1.0L km    ,Petrol    ,Manual       ,0.92 lakh   ,0.92L          ,None   ,              1.0  ,              ,2010 ,        0.0
Hyundai Eon            ,ERA +                              ,17.37k km  ,Petrol    ,Manual       ,"5,767/m*"  ,2.19L          ,None   ,             17.37 ,              ,2014 ,     5767.0
Hyundai Verna          ,FLUIDIC 1.6 VTVT EX                ,90.69k km  ,Petrol    ,Manual       ,"11,226/m*" ,3.38L          ,None   ,             90.69 ,              ,2013 ,    11226.0
Hyundai Creta          ,SX PLUS 1.6 PETROL                 ,44.50k km  ,Petrol    ,Manual       ,"12,747/m*" ,6.52L          ,None   ,             44.5  ,              ,2016 ,    12747.0
Hyundai i10            ,SPORTZ 1.2                         ,78.72k km  ,Petrol    ,Manual       ,1.18 lakh   ,1.18L          ,None   ,             78.72 ,              ,2010 ,        1.0
Hyundai Xcent          ,SX 1.2 (O)                         ,71.07k km  ,Petrol    ,Manual       ,"8,052/m*"  ,3.62L          ,None   ,             71.07 ,              ,2015 ,     8052.0
Hyundai New Elantra    ,1.8 SX MT VTVT                     ,40.59k km  ,Petrol    ,Manual       ,"11,193/m*" ,3.37L          ,None   ,             40.59 ,              ,2013 ,    11193.0
Hyundai Grand i10      ,ASTA (O) 1.2 KAPPA VTVT            ,79.75k km  ,Petrol    ,Manual       ,"6,451/m*"  ,3.00L          ,2.90L  ,             79.75 ,         2.9  ,2015 ,     6451.0
Hyundai Verna          ,FLUIDIC 1.6 VTVT SX                ,74.00k km  ,Petrol    ,Manual       ,"9,732/m*"  ,2.93L          ,None   ,             74.0  ,              ,2013 ,     9732.0
Hyundai Elite i20      ,SPORTZ 1.2                         ,79.26k km  ,Petrol    ,Manual       ,"7,608/m*"  ,3.42L          ,None   ,             79.26 ,              ,2015 ,     7608.0
Hyundai Grand i10      ,SPORTZ 1.2 KAPPA VTVT              ,1.1L km    ,Petrol    ,Manual       ,"6,874/m*"  ,3.09L          ,None   ,              1.1  ,              ,2016 ,     6874.0
Hyundai Elite i20      ,MAGNA PLUS 1.2                     ,35.32k km  ,Petrol    ,Manual       ,"9,775/m*"  ,5.24L          ,5.00L  ,             35.32 ,         5.0  ,2019 ,     9775.0
Hyundai Creta          ,SX PLUS 1.6 PETROL                 ,59.23k km  ,Petrol    ,Manual       ,"15,386/m*" ,7.87L          ,None   ,             59.23 ,              ,2017 ,    15386.0
Hyundai Eon            ,ERA +                              ,75.90k km  ,Petrol    ,Manual       ,"5,116/m*"  ,2.30L          ,None   ,             75.9  ,              ,2015 ,     5116.0
Hyundai i10            ,SPORTZ 1.2                         ,86.66k km  ,Petrol    ,Manual       ,0.89 lakh   ,0.89L          ,None   ,             86.66 ,              ,2010 ,        0.0
Hyundai Verna          ,FLUIDIC 1.6 VTVT SX OPT AT         ,70.30k km  ,Petrol    ,Auto         ,"9,964/m*"  ,3.00L          ,None   ,             70.3  ,              ,2013 ,     9964.0
Hyundai Creta          ,SX PLUS 1.6 PETROL                 ,82.24k km  ,Petrol    ,Manual       ,"13,685/m*" ,7.00L          ,None   ,             82.24 ,              ,2016 ,    13685.0
Hyundai Xcent          ,S (O) 1.2                          ,71.12k km  ,Petrol    ,Manual       ,"6,940/m*"  ,3.12L          ,None   ,             71.12 ,              ,2015 ,     6940.0
Hyundai Grand i10      ,MAGNA 1.2 KAPPA VTVT               ,76.23k km  ,Petrol    ,Manual       ,"5,435/m*"  ,2.78L          ,None   ,             76.23 ,              ,2016 ,     5435.0
Hyundai Eon            ,SPORTZ                             ,28.24k km  ,Petrol    ,Manual       ,"4,345/m*"  ,1.75L          ,1.65L  ,             28.24 ,         1.65 ,2014 ,     4345.0
Hyundai NEW SANTRO     ,SPORTZ CNG                         ,36.71k km  ,Petrol    ,Manual       ,"6,354/m*"  ,3.60L          ,3.25L  ,             36.71 ,         3.25 ,2019 ,     6354.0
Hyundai Creta          ,SX 1.5 PETROL                      ,66.73k km  ,Petrol    ,Manual       ,"17,131/m*" ,9.00L          ,None   ,             66.73 ,              ,2020 ,    17131.0
Hyundai Creta          ,E PLUS 1.6 PETROL                  ,46.67k km  ,Petrol    ,Manual       ,"11,632/m*" ,6.00L          ,5.95L  ,             46.67 ,         5.95 ,2017 ,    11632.0
Hyundai Xcent          ,S 1.2                              ,48.90k km  ,Petrol    ,Manual       ,"7,926/m*"  ,3.01L          ,None   ,             48.9  ,              ,2014 ,     7926.0
Hyundai Verna          ,FLUIDIC 4S 1.6 VTVT S              ,43.03k km  ,Petrol    ,Manual       ,"8,798/m*"  ,4.50L          ,None   ,             43.03 ,              ,2016 ,     8798.0
Hyundai i10            ,MAGNA 1.2                          ,28.13k km  ,Petrol    ,Manual       ,"11,728/m*" ,1.32L          ,None   ,             28.13 ,              ,2011 ,    11728.0
Hyundai Verna          ,1.6 CRDI SX                        ,72.58k km  ,Diesel    ,Manual       ,"14,115/m*" ,7.22L          ,None   ,             72.58 ,              ,2018 ,    14115.0
Hyundai Xcent          ,S 1.2                              ,1.1L km    ,Petrol    ,Manual       ,"7,847/m*"  ,2.98L          ,None   ,              1.1  ,              ,2014 ,     7847.0
Hyundai NEW SANTRO     ,MAGNA                              ,25.46k km  ,Petrol    ,Manual       ,"6,139/m*"  ,3.14L          ,None   ,             25.46 ,              ,2018 ,     6139.0
Hyundai Verna          ,FLUIDIC 1.6 EX CRDI AT             ,1.1L km    ,Diesel    ,Auto         ,"16,334/m*" ,3.47L          ,None   ,              1.1  ,              ,2013 ,    16334.0
Hyundai Grand i10      ,SPORTZ 1.2 KAPPA VTVT              ,54.87k km  ,Petrol    ,Manual       ,"9,200/m*"  ,2.77L          ,None   ,             54.87 ,              ,2013 ,     9200.0
Hyundai Xcent          ,SX 1.2                             ,36.03k km  ,Petrol    ,Manual       ,"8,030/m*"  ,3.61L          ,None   ,             36.03 ,              ,2015 ,     8030.0
Hyundai NEW I20        ,ASTA (O) 1.0 TURBO GDI DCT         ,12.78k km  ,Petrol    ,Auto         ,"15,227/m*" ,9.00L          ,8.00L  ,             12.78 ,         8.0  ,2023 ,    15227.0
Hyundai Xcent          ,S (O) 1.2                          ,75.16k km  ,Petrol    ,Manual       ,"7,496/m*"  ,3.37L          ,None   ,             75.16 ,              ,2015 ,     7496.0
Hyundai GRAND I10 NIOS ,SPORTZ AMT 1.2 KAPPA VTVT          ,18.61k km  ,Petrol    ,Auto         ,"11,359/m*" ,5.81L          ,None   ,             18.61 ,              ,2020 ,    11359.0
Hyundai Creta          ,SX PLUS 1.6 PETROL                 ,79.40k km  ,Petrol    ,Manual       ,"10,753/m*" ,5.50L          ,None   ,             79.4  ,              ,2016 ,    10753.0
Hyundai Verna          ,FLUIDIC 1.6 VTVT SX AT             ,27.58k km  ,Petrol    ,Auto         ,"10,463/m*" ,3.15L          ,None   ,             27.58 ,              ,2013 ,    10463.0
Hyundai Verna          ,FLUIDIC 1.6 VTVT EX                ,7.90k km   ,Petrol    ,Manual       ,"11,721/m*" ,2.49L          ,None   ,              7.9  ,              ,2012 ,    11721.0
Hyundai Verna          ,1.6 VTVT SX O                      ,58.88k km  ,Petrol    ,Manual       ,"13,685/m*" ,7.00L          ,None   ,             58.88 ,              ,2019 ,    13685.0
Hyundai i20            ,ASTA 1.2                           ,1.0L km    ,Petrol    ,Manual       ,1.39 lakh   ,1.39L          ,None   ,              1.0  ,              ,2010 ,        1.0
Hyundai Grand i10      ,ASTA AT 1.2 KAPPA VTVT             ,52.73k km  ,Petrol    ,Auto         ,"8,769/m*"  ,3.33L          ,None   ,             52.73 ,              ,2014 ,     8769.0
Hyundai Verna          ,FLUIDIC 1.6 VTVT SX OPT            ,78.28k km  ,Petrol    ,Manual       ,"9,665/m*"  ,3.67L          ,None   ,             78.28 ,              ,2014 ,     9665.0
Hyundai Xcent          ,S 1.1 CRDI                         ,61.48k km  ,Diesel    ,Manual       ,"10,894/m*" ,3.28L          ,None   ,             61.48 ,              ,2014 ,    10894.0
Hyundai AURA           ,SX 1.2 CNG                         ,18.62k km  ,Petrol    ,Manual       ,"16,522/m*" ,8.68L          ,None   ,             18.62 ,              ,2024 ,    16522.0
Hyundai Elite i20      ,MAGNA 1.2                          ,93.38k km  ,Petrol    ,Manual       ,"7,663/m*"  ,2.91L          ,None   ,             93.38 ,              ,2014 ,     7663.0
Hyundai Xcent          ,S (O) 1.2                          ,21.12k km  ,Petrol    ,Manual       ,"8,275/m*"  ,3.72L          ,None   ,             21.12 ,              ,2015 ,     8275.0
Hyundai Elite i20      ,ASTA 1.4 CRDI                      ,1.5L km    ,Diesel    ,Manual       ,"11,166/m*" ,4.24L          ,None   ,              1.5  ,              ,2015 ,    11166.0
Hyundai Grand i10      ,ASTA 1.2 KAPPA VTVT                ,27.39k km  ,Petrol    ,Manual       ,"6,764/m*"  ,3.46L          ,None   ,             27.39 ,              ,2016 ,     6764.0
Hyundai Grand i10      ,ASTA 1.2 KAPPA VTVT                ,12.11k km  ,Petrol    ,Manual       ,"7,007/m*"  ,3.25L          ,3.15L  ,             12.11 ,         3.15 ,2015 ,     7007.0
Hyundai NEW I20        ,ASTA (O) 1.0 TURBO GDI DCT         ,14.90k km  ,Petrol    ,Auto         ,"14,663/m*" ,7.50L          ,None   ,             14.9  ,              ,2022 ,    14663.0
Hyundai Verna          ,1.6 VTVT SX O                      ,72.48k km  ,Petrol    ,Manual       ,"11,339/m*" ,5.80L          ,None   ,             72.48 ,              ,2018 ,    11339.0
Hyundai AURA           ,S 1.2 CNG                          ,20.61k km  ,Petrol    ,Manual       ,"12,453/m*" ,6.37L          ,None   ,             20.61 ,              ,2021 ,    12453.0
Hyundai Xcent          ,S 1.1 CRDI                         ,82.71k km  ,Diesel    ,Manual       ,"9,586/m*"  ,3.64L          ,None   ,             82.71 ,              ,2015 ,     9586.0
Hyundai Verna          ,FLUIDIC 1.6 CRDI SX AT             ,78.85k km  ,Diesel    ,Auto         ,"12,954/m*" ,3.90L          ,None   ,             78.85 ,              ,2014 ,    12954.0
Hyundai Xcent          ,SX AT 1.2 (O)                      ,3.1L km    ,Petrol    ,Auto         ,"7,118/m*"  ,3.20L          ,None   ,              3.1  ,              ,2015 ,     7118.0
Hyundai Verna          ,FLUIDIC 1.6 CRDI SX                ,1.1L km    ,Diesel    ,Manual       ,"25,233/m*" ,2.84L          ,None   ,              1.1  ,              ,2012 ,    25233.0
Hyundai i20            ,ASTA 1.2                           ,68.81k km  ,Petrol    ,Manual       ,"8,400/m*"  ,3.19L          ,None   ,             68.81 ,              ,2014 ,     8400.0
Hyundai Grand i10      ,ASTA 1.2 KAPPA VTVT                ,35.79k km  ,Petrol    ,Manual       ,"7,274/m*"  ,3.27L          ,None   ,             35.79 ,              ,2015 ,     7274.0
Hyundai Grand i10      ,ASTA AT 1.2 KAPPA VTVT             ,41.05k km  ,Petrol    ,Auto         ,"8,954/m*"  ,3.40L          ,None   ,             41.05 ,              ,2014 ,     8954.0
Hyundai VENUE          ,S 1.2                              ,17.45k km  ,Petrol    ,Manual       ,"14,663/m*" ,7.50L          ,None   ,             17.45 ,              ,2023 ,    14663.0
Hyundai Elite i20      ,SPORTZ 1.2                         ,67.43k km  ,Petrol    ,Manual       ,"8,739/m*"  ,4.47L          ,None   ,             67.43 ,              ,2017 ,     8739.0
Hyundai Creta          ,SX PLUS 1.6 PETROL                 ,75.61k km  ,Petrol    ,Manual       ,"13,196/m*" ,6.75L          ,None   ,             75.61 ,              ,2018 ,    13196.0
Hyundai VENUE          ,S 1.2                              ,1.51k km   ,Petrol    ,Manual       ,"17,131/m*" ,9.00L          ,None   ,              1.51 ,              ,2024 ,    17131.0
Hyundai Verna          ,1.6 VTVT SX (O) AT                 ,49.50k km  ,Petrol    ,Auto         ,"14,174/m*" ,7.25L          ,None   ,             49.5  ,              ,2018 ,    14174.0
Hyundai Elite i20      ,ASTA 1.4 CRDI                      ,74.45k km  ,Diesel    ,Manual       ,"11,929/m*" ,4.53L          ,None   ,             74.45 ,              ,2015 ,    11929.0
Hyundai i20 Active     ,1.2 S                              ,39.67k km  ,Petrol    ,Manual       ,"12,079/m*" ,5.43L          ,None   ,             39.67 ,              ,2015 ,    12079.0
Hyundai Xcent          ,E+                                 ,56.61k km  ,Petrol    ,Manual       ,"7,801/m*"  ,3.99L          ,None   ,             56.61 ,              ,2018 ,     7801.0
Hyundai Elite i20      ,SPORTZ 1.2                         ,53.35k km  ,Petrol    ,Manual       ,"8,675/m*"  ,3.90L          ,None   ,             53.35 ,              ,2015 ,     8675.0
Hyundai i20 Active     ,1.2 S                              ,73.70k km  ,Petrol    ,Manual       ,"8,309/m*"  ,4.25L          ,None   ,             73.7  ,              ,2016 ,     8309.0
Hyundai Xcent          ,SX 1.2                             ,1.1L km    ,Petrol    ,Manual       ,"6,896/m*"  ,3.50L          ,3.10L  ,              1.1  ,         3.1  ,2016 ,     6896.0
Hyundai Creta          ,SX PLUS AT 1.6 PETROL              ,94.62k km  ,Petrol    ,Auto         ,"12,708/m*" ,7.00L          ,6.50L  ,             94.62 ,         6.5  ,2017 ,    12708.0
Hyundai Elite i20      ,ASTA 1.2 DUAL TONE                 ,58.20k km  ,Petrol    ,Manual       ,"9,091/m*"  ,4.65L          ,None   ,             58.2  ,              ,2017 ,     9091.0
Hyundai NEW I20        ,SPORTZ 1.2 AT                      ,18.00k km  ,Petrol    ,Auto         ,"12,962/m*" ,6.63L          ,None   ,             18.0  ,              ,2021 ,    12962.0
Hyundai Creta          ,E 1.5 PETROL                       ,5.40k km   ,Petrol    ,Manual       ,"22,403/m*" ,11.77L         ,None   ,              5.4  ,              ,2024 ,    22403.0
Hyundai AURA           ,S 1.2 CNG                          ,73.24k km  ,Petrol    ,Manual       ,"11,261/m*" ,5.76L          ,None   ,             73.24 ,              ,2021 ,    11261.0
Hyundai Grand i10      ,SPORTZ 1.2 KAPPA VTVT              ,11.01k km  ,Petrol    ,Manual       ,"7,058/m*"  ,3.61L          ,None   ,             11.01 ,              ,2016 ,     7058.0
Hyundai Creta          ,SX PLUS AT 1.6 DIESEL              ,1.5L km    ,Diesel    ,Auto         ,"17,894/m*" ,8.23L          ,None   ,              1.5  ,              ,2016 ,    17894.0
Hyundai Creta          ,SX PLUS AT 1.6 PETROL              ,42.92k km  ,Petrol    ,Auto         ,"16,731/m*" ,8.79L          ,None   ,             42.92 ,              ,2016 ,    16731.0
Hyundai Grand i10      ,ASTA (O) AT 1.2 KAPPA VTVT         ,1.0L km    ,Petrol    ,Auto         ,"7,786/m*"  ,3.50L          ,None   ,              1.0  ,              ,2016 ,     7786.0
Hyundai Elite i20      ,SPORTZ PLUS 1.2                    ,18.98k km  ,Petrol    ,Manual       ,"11,241/m*" ,5.75L          ,None   ,             18.98 ,              ,2019 ,    11241.0
Hyundai GRAND I10 NIOS ,SPORTZ 1.2 KAPPA VTVT CNG          ,31.76k km  ,Petrol    ,Manual       ,"10,753/m*" ,5.91L          ,5.50L  ,             31.76 ,         5.5  ,2022 ,    10753.0
Hyundai Grand i10      ,MAGNA 1.2 KAPPA VTVT               ,56.00k km  ,Petrol    ,Manual       ,"5,924/m*"  ,3.03L          ,None   ,             56.0  ,              ,2016 ,     5924.0
Hyundai Elite i20      ,MAGNA PLUS 1.2                     ,23.44k km  ,Petrol    ,Manual       ,"9,267/m*"  ,4.74L          ,None   ,             23.44 ,              ,2019 ,     9267.0
Hyundai NEW SANTRO     ,SPORTZ CNG                         ,1.1L km    ,Petrol    ,Manual       ,"8,008/m*"  ,3.60L          ,None   ,              1.1  ,              ,2019 ,     8008.0
Hyundai Elite i20      ,SPORTZ 1.2                         ,1.0L km    ,Petrol    ,Manual       ,"8,876/m*"  ,3.99L          ,None   ,              1.0  ,              ,2015 ,     8876.0
Hyundai Grand i10      ,ASTA AT 1.2 KAPPA VTVT             ,57.17k km  ,Petrol    ,Auto         ,"6,686/m*"  ,3.42L          ,None   ,             57.17 ,              ,2016 ,     6686.0
Hyundai GRAND I10 NIOS ,SPORTZ 1.2 KAPPA VTVT CNG          ,21.09k km  ,Petrol    ,Manual       ,"10,753/m*" ,5.85L          ,5.50L  ,             21.09 ,         5.5  ,2022 ,    10753.0
Hyundai Elite i20      ,MAGNA 1.2                          ,1.2L km    ,Petrol    ,Manual       ,"7,830/m*"  ,3.52L          ,None   ,              1.2  ,              ,2015 ,     7830.0
Hyundai NEW SANTRO     ,SPORTZ EXECUTIVE MT CNG            ,44.49k km  ,Petrol    ,Manual       ,"9,286/m*"  ,4.80L          ,4.75L  ,             44.49 ,         4.75 ,2021 ,     9286.0
Hyundai Creta          ,SX PLUS 1.6 DIESEL                 ,1.0L km    ,Diesel    ,Manual       ,"19,092/m*" ,7.25L          ,None   ,              1.0  ,              ,2015 ,    19092.0
Hyundai EXTER          ,S 1.2 AMT                          ,13.33k km  ,Petrol    ,Auto         ,"13,666/m*" ,6.99L          ,None   ,             13.33 ,              ,2023 ,    13666.0
Hyundai Grand i10      ,SPORTZ 1.2 KAPPA VTVT              ,19.81k km  ,Petrol    ,Manual       ,"7,253/m*"  ,3.71L          ,None   ,             19.81 ,              ,2017 ,     7253.0
Hyundai Creta          ,S 1.4 DIESEL                       ,1.0L km    ,Diesel    ,Manual       ,"14,014/m*" ,6.30L          ,None   ,              1.0  ,              ,2016 ,    14014.0
Hyundai New Elantra    ,1.8 SX MT VTVT                     ,1.4L km    ,Petrol    ,Manual       ,"12,569/m*" ,2.67L          ,None   ,              1.4  ,              ,2012 ,    12569.0
Hyundai Grand i10      ,ASTA 1.2 KAPPA VTVT                ,6.45k km   ,Petrol    ,Manual       ,"8,055/m*"  ,4.12L          ,None   ,              6.45 ,              ,2018 ,     8055.0
Hyundai i20            ,SPORTZ 1.4 CRDI                    ,1.3L km    ,Diesel    ,Manual       ,"14,828/m*" ,3.15L          ,None   ,              1.3  ,              ,2013 ,    14828.0
Hyundai Elite i20      ,MAGNA 1.2                          ,1.6L km    ,Petrol    ,Manual       ,"7,608/m*"  ,3.42L          ,None   ,              1.6  ,              ,2015 ,     7608.0
Hyundai AURA           ,SX 1.2 CNG                         ,28.00k km  ,Petrol    ,Manual       ,"16,484/m*" ,8.66L          ,None   ,             28.0  ,              ,2024 ,    16484.0
Hyundai Creta          ,BASE 1.6 PETROL                    ,29.00k km  ,Petrol    ,Manual       ,"12,004/m*" ,6.14L          ,None   ,             29.0  ,              ,2016 ,    12004.0
Hyundai Grand i10      ,SPORTZ (O) AT 1.2 KAPPA VTVT       ,28.68k km  ,Petrol    ,Auto         ,"7,996/m*"  ,4.09L          ,None   ,             28.68 ,              ,2017 ,     7996.0
Hyundai Grand i10      ,SPORTZ 1.2 KAPPA VTVT              ,44.78k km  ,Petrol    ,Manual       ,"6,784/m*"  ,3.47L          ,None   ,             44.78 ,              ,2016 ,     6784.0
Hyundai Verna          ,1.5 TURBO GDI MT SX                ,18.15k km  ,Petrol    ,Manual       ,"21,889/m*" ,11.50L         ,None   ,             18.15 ,              ,2023 ,    21889.0
Hyundai Grand i10      ,SPORTZ 1.2 KAPPA VTVT              ,51.55k km  ,Petrol    ,Manual       ,"8,342/m*"  ,3.75L          ,None   ,             51.55 ,              ,2015 ,     8342.0
Hyundai NEW SANTRO     ,SPORTZ CNG                         ,17.39k km  ,Petrol    ,Manual       ,"11,046/m*" ,5.65L          ,None   ,             17.39 ,              ,2021 ,    11046.0
Hyundai Creta          ,SX (O) IVT 1.5 PETROL              ,20.38k km  ,Petrol    ,Auto         ,"32,263/m*" ,16.95L         ,None   ,             20.38 ,              ,2023 ,    32263.0
Hyundai New Elantra    ,2.0 SX(O) AT PETROL                ,70.89k km  ,Petrol    ,Auto         ,"13,685/m*" ,7.00L          ,None   ,             70.89 ,              ,2017 ,    13685.0
Hyundai Creta          ,S 1.6 PETROL                       ,88.48k km  ,Petrol    ,Manual       ,"12,791/m*" ,5.75L          ,None   ,             88.48 ,              ,2015 ,    12791.0
Hyundai Elite i20      ,MAGNA PLUS 1.2                     ,23.62k km  ,Petrol    ,Manual       ,"9,971/m*"  ,5.10L          ,None   ,             23.62 ,              ,2019 ,     9971.0
Hyundai Elite i20      ,SPORTZ 1.2                         ,63.95k km  ,Petrol    ,Manual       ,"7,566/m*"  ,3.87L          ,None   ,             63.95 ,              ,2016 ,     7566.0
Hyundai Grand i10      ,MAGNA 1.2 KAPPA VTVT               ,20.58k km  ,Petrol    ,Manual       ,"7,722/m*"  ,3.95L          ,None   ,             20.58 ,              ,2019 ,     7722.0
Hyundai GRAND I10 NIOS ,SPORTZ 1.2 KAPPA VTVT              ,39.99k km  ,Petrol    ,Manual       ,"9,482/m*"  ,4.85L          ,None   ,             39.99 ,              ,2020 ,     9482.0
Hyundai Creta          ,SX PLUS 1.6 PETROL                 ,40.56k km  ,Petrol    ,Manual       ,"13,685/m*" ,7.00L          ,None   ,             40.56 ,              ,2017 ,    13685.0
Hyundai Creta          ,SX PLUS 1.6 PETROL                 ,32.05k km  ,Petrol    ,Manual       ,"13,347/m*" ,6.00L          ,None   ,             32.05 ,              ,2015 ,    13347.0
Hyundai AURA           ,S 1.2 CNG                          ,8.90k km   ,Petrol    ,Manual       ,"15,464/m*" ,7.91L          ,None   ,              8.9  ,              ,2024 ,    15464.0
Hyundai Creta          ,SX PLUS 1.6 PETROL                 ,51.39k km  ,Petrol    ,Manual       ,"14,370/m*" ,6.46L          ,None   ,             51.39 ,              ,2015 ,    14370.0
Hyundai Creta          ,SX PLUS AT 1.6 PETROL              ,16.94k km  ,Petrol    ,Auto         ,"14,663/m*" ,8.00L          ,7.50L  ,             16.94 ,         7.5  ,2016 ,    14663.0
Hyundai AURA           ,SX 1.2 CNG                         ,27.00k km  ,Petrol    ,Manual       ,"15,418/m*" ,8.40L          ,8.10L  ,             27.0  ,         8.1  ,2024 ,    15418.0
Hyundai Eon            ,MAGNA +                            ,28.49k km  ,Petrol    ,Manual       ,"5,539/m*"  ,2.49L          ,None   ,             28.49 ,              ,2015 ,     5539.0
Hyundai Creta          ,SX PLUS 1.6 PETROL                 ,68.66k km  ,Petrol    ,Manual       ,"13,347/m*" ,6.00L          ,None   ,             68.66 ,              ,2015 ,    13347.0
Hyundai NEW SANTRO     ,SPORTZ CNG                         ,1.1L km    ,Petrol    ,Manual       ,"7,786/m*"  ,3.77L          ,3.50L  ,              1.1  ,         3.5  ,2020 ,     7786.0
Hyundai Verna          ,FLUIDIC 1.6 CRDI SX OPT AT         ,1.7L km    ,Diesel    ,Auto         ,"17,182/m*" ,3.65L          ,None   ,              1.7  ,              ,2013 ,    17182.0
Hyundai Grand i10      ,SPORTZ (O) AT 1.2 KAPPA VTVT       ,66.32k km  ,Petrol    ,Auto         ,"9,306/m*"  ,4.76L          ,None   ,             66.32 ,              ,2017 ,     9306.0
Hyundai Elite i20      ,SPORTZ 1.2                         ,58.97k km  ,Petrol    ,Manual       ,"9,267/m*"  ,4.74L          ,None   ,             58.97 ,              ,2017 ,     9267.0
Hyundai GRAND I10 NIOS ,SPORTZ 1.2 KAPPA VTVT CNG          ,40.73k km  ,Petrol    ,Manual       ,"12,121/m*" ,6.20L          ,None   ,             40.73 ,              ,2023 ,    12121.0
Hyundai GRAND I10 NIOS ,SPORTZ 1.2 KAPPA VTVT CNG          ,25.87k km  ,Petrol    ,Manual       ,"11,261/m*" ,5.76L          ,None   ,             25.87 ,              ,2020 ,    11261.0
Hyundai Grand i10      ,ASTA 1.2 KAPPA VTVT                ,35.10k km  ,Petrol    ,Manual       ,"7,038/m*"  ,3.60L          ,None   ,             35.1  ,              ,2017 ,     7038.0
Hyundai Xcent          ,BASE 1.1                           ,1.6L km    ,Diesel    ,Manual       ,"7,830/m*"  ,3.52L          ,None   ,              1.6  ,              ,2017 ,     7830.0
Hyundai VENUE          ,SX PLUS 1.0 TURBO DCT              ,36.44k km  ,Petrol    ,Auto         ,"14,833/m*" ,7.59L          ,None   ,             36.44 ,              ,2020 ,    14833.0
Hyundai NEW SANTRO     ,MAGNA CNG                          ,70.06k km  ,Petrol    ,Manual       ,"6,417/m*"  ,3.28L          ,None   ,             70.06 ,              ,2018 ,     6417.0
Hyundai GRAND I10 NIOS ,SPORTZ 1.2 KAPPA VTVT CNG          ,67.42k km  ,Petrol    ,Manual       ,"13,568/m*" ,6.94L          ,None   ,             67.42 ,              ,2023 ,    13568.0
Hyundai Creta          ,SX PLUS AT 1.6 PETROL              ,32.25k km  ,Petrol    ,Auto         ,"14,663/m*" ,8.00L          ,7.50L  ,             32.25 ,         7.5  ,2017 ,    14663.0
Hyundai Grand i10      ,ASTA 1.2 KAPPA VTVT                ,37.33k km  ,Petrol    ,Manual       ,"8,426/m*"  ,4.31L          ,None   ,             37.33 ,              ,2018 ,     8426.0
Hyundai NEW SANTRO     ,MAGNA CNG                          ,66.37k km  ,Petrol    ,Manual       ,"6,901/m*"  ,3.53L          ,None   ,             66.37 ,              ,2018 ,     6901.0
Hyundai GRAND I10 NIOS ,SPORTZ 1.2 KAPPA VTVT CNG          ,65.64k km  ,Petrol    ,Manual       ,"10,753/m*" ,5.50L          ,None   ,             65.64 ,              ,2021 ,    10753.0
Hyundai Xcent          ,S 1.2                              ,1.0L km    ,Petrol    ,Manual       ,"7,474/m*"  ,3.36L          ,None   ,              1.0  ,              ,2017 ,     7474.0
Hyundai GRAND I10 NIOS ,SPORTZ 1.2 KAPPA VTVT CNG          ,73.70k km  ,Petrol    ,Manual       ,"10,362/m*" ,5.30L          ,None   ,             73.7  ,              ,2021 ,    10362.0
Hyundai Verna          ,SX 1.5 l MPI                       ,6.97k km   ,Petrol    ,Manual       ,"20,937/m*" ,11.00L         ,None   ,              6.97 ,              ,2024 ,    20937.0
Hyundai Creta N Line   ,N8 1.5 Turbo MT                    ,14.5L km   ,Petrol    ,Manual       ,"30,439/m*" ,15.00L         ,14.00L ,             14.5  ,        14.0  ,2024 ,    30439.0
Hyundai Creta          ,SX 1.6 Petrol                      ,68.19k km  ,Petrol    ,Manual       ,"12,160/m*" ,6.22L          ,None   ,             68.19 ,              ,2016 ,    12160.0
Hyundai Creta          ,SX 1.6 DIESEL                      ,1.1L km    ,Diesel    ,Manual       ,"18,671/m*" ,7.09L          ,None   ,              1.1  ,              ,2015 ,    18671.0
Hyundai GRAND I10 NIOS ,SPORTZ 1.2 KAPPA VTVT              ,43.77k km  ,Petrol    ,Manual       ,"8,798/m*"  ,4.50L          ,None   ,             43.77 ,              ,2020 ,     8798.0
Hyundai VENUE          ,SX PLUS 1.0 TURBO DCT              ,11.28k km  ,Petrol    ,Auto         ,"15,646/m*" ,8.22L          ,None   ,             11.28 ,              ,2019 ,    15646.0
Hyundai NEW SANTRO     ,SPORTZ CNG                         ,67.92k km  ,Petrol    ,Manual       ,"7,214/m*"  ,3.69L          ,None   ,             67.92 ,              ,2019 ,     7214.0
Hyundai NEW I20        ,ASTA 1.2 AT                        ,34.23k km  ,Petrol    ,Auto         ,"15,347/m*" ,7.85L          ,None   ,             34.23 ,              ,2021 ,    15347.0
Hyundai NEW SANTRO     ,SPORTZ CNG                         ,67.13k km  ,Petrol    ,Manual       ,"7,038/m*"  ,3.60L          ,None   ,             67.13 ,              ,2019 ,     7038.0
Hyundai Verna          ,SX (O)1.5 MPi                      ,39.49k km  ,Petrol    ,Manual       ,"16,331/m*" ,8.58L          ,None   ,             39.49 ,              ,2022 ,    16331.0
Hyundai Creta          ,SX PLUS 1.6 PETROL                 ,1.0L km    ,Petrol    ,Manual       ,"12,234/m*" ,5.50L          ,None   ,              1.0  ,              ,2015 ,    12234.0
Hyundai Xcent          ,S 1.2                              ,67.44k km  ,Petrol    ,Manual       ,"6,588/m*"  ,3.37L          ,None   ,             67.44 ,              ,2017 ,     6588.0
Hyundai VENUE          ,SX 1.5 CRDI                        ,67.90k km  ,Diesel    ,Manual       ,"18,425/m*" ,9.68L          ,None   ,             67.9  ,              ,2022 ,    18425.0
Hyundai Xcent          ,S AT 1.2                           ,59.56k km  ,Petrol    ,Auto         ,"7,449/m*"  ,3.81L          ,None   ,             59.56 ,              ,2017 ,     7449.0
Hyundai Creta          ,SX PLUS AT 1.6 DIESEL              ,87.46k km  ,Diesel    ,Auto         ,"19,750/m*" ,7.50L          ,None   ,             87.46 ,              ,2015 ,    19750.0
Hyundai GRAND I10 NIOS ,SPORTZ 1.2 KAPPA VTVT CNG          ,33.36k km  ,Petrol    ,Manual       ,"11,945/m*" ,6.11L          ,None   ,             33.36 ,              ,2022 ,    11945.0
Hyundai New Elantra    ,1.8 SX MT VTVT                     ,1.6L km    ,Petrol    ,Manual       ,"10,097/m*" ,3.04L          ,None   ,              1.6  ,              ,2013 ,    10097.0
Hyundai AURA           ,SX 1.2 CNG                         ,31.12k km  ,Petrol    ,Manual       ,"14,819/m*" ,7.58L          ,None   ,             31.12 ,              ,2023 ,    14819.0
Hyundai Creta          ,SX AT 1.6 PETROL                   ,1.1L km    ,Petrol    ,Auto         ,"20,655/m*" ,9.50L          ,None   ,              1.1  ,              ,2019 ,    20655.0
Hyundai Creta          ,S PLUS 1.4 DIESEL                  ,82.87k km  ,Diesel    ,Manual       ,"15,475/m*" ,8.13L          ,None   ,             82.87 ,              ,2018 ,    15475.0
Hyundai Creta          ,SX (O) IVT 1.5 PETROL              ,60.82k km  ,Petrol    ,Auto         ,"29,103/m*" ,15.29L         ,None   ,             60.82 ,              ,2021 ,    29103.0
Hyundai Creta          ,S 1.6 PETROL                       ,48.65k km  ,Petrol    ,Manual       ,"12,257/m*" ,5.75L          ,5.51L  ,             48.65 ,         5.51 ,2015 ,    12257.0
Hyundai Creta          ,SX PLUS AT 1.6 PETROL              ,29.23k km  ,Petrol    ,Auto         ,"15,703/m*" ,8.25L          ,None   ,             29.23 ,              ,2017 ,    15703.0
Hyundai VENUE          ,SX (O) 1.5 CRDI                    ,1.0L km    ,Diesel    ,Manual       ,"19,481/m*" ,8.96L          ,None   ,              1.0  ,              ,2019 ,    19481.0
Hyundai Creta          ,SX PLUS AT 1.6 DIESEL              ,1.4L km    ,Diesel    ,Auto         ,"15,571/m*" ,7.00L          ,None   ,              1.4  ,              ,2016 ,    15571.0
Hyundai VENUE          ,S 1.2                              ,52.02k km  ,Petrol    ,Manual       ,"12,317/m*" ,6.30L          ,None   ,             52.02 ,              ,2020 ,    12317.0
Hyundai Creta          ,SX PLUS 1.6 PETROL                 ,52.31k km  ,Petrol    ,Manual       ,"14,548/m*" ,6.54L          ,None   ,             52.31 ,              ,2015 ,    14548.0
Hyundai ALCAZAR        ,1.5 SIGNATURE (O) AT 6STR          ,1.8L km    ,Diesel    ,Auto         ,"26,901/m*" ,12.37L         ,None   ,              1.8  ,              ,2021 ,    26901.0
Hyundai Creta          ,SX (O) IVT 1.5 PETROL              ,31.34k km  ,Petrol    ,Auto         ,"24,744/m*" ,13.50L         ,13.00L ,             31.34 ,        13.0  ,2021 ,    24744.0
Hyundai Creta          ,SX AT 1.6 PETROL                   ,27.87k km  ,Petrol    ,Auto         ,"16,997/m*" ,8.93L          ,None   ,             27.87 ,              ,2018 ,    16997.0
Hyundai VENUE          ,SX (O) 1.5 CRDI                    ,66.50k km  ,Diesel    ,Manual       ,"13,947/m*" ,7.13L          ,None   ,             66.5  ,              ,2019 ,    13947.0
Hyundai New Elantra    ,1.6 SX AT DIESEL                   ,1.8L km    ,Diesel    ,Auto         ,"14,828/m*" ,3.15L          ,None   ,              1.8  ,              ,2013 ,    14828.0
Hyundai Elite i20      ,ASTA 1.2                           ,38.03k km  ,Petrol    ,Manual       ,"9,834/m*"  ,5.03L          ,None   ,             38.03 ,              ,2018 ,     9834.0
Hyundai Xcent          ,S AT 1.2                           ,46.90k km  ,Petrol    ,Auto         ,"7,703/m*"  ,3.94L          ,None   ,             46.9  ,              ,2018 ,     7703.0
Hyundai NEW I20        ,SPORTZ 1.2 IVT                     ,2.95k km   ,Petrol    ,Auto         ,"17,492/m*" ,9.19L          ,None   ,              2.95 ,              ,2025 ,    17492.0
Hyundai VENUE          ,SX 1.0 (O) TURBO                   ,45.12k km  ,Petrol    ,Manual       ,"13,685/m*" ,7.50L          ,7.00L  ,             45.12 ,         7.0  ,2020 ,    13685.0
Hyundai Elite i20      ,ASTA 1.2  CVT                      ,27.06k km  ,Petrol    ,Auto         ,"10,440/m*" ,5.34L          ,None   ,             27.06 ,              ,2018 ,    10440.0
Hyundai NEW I20        ,ASTA (O) 1.2 MT                    ,59.51k km  ,Petrol    ,Manual       ,"14,408/m*" ,7.37L          ,None   ,             59.51 ,              ,2022 ,    14408.0
Hyundai New Elantra    ,1.8 S VTVT                         ,34.20k km  ,Petrol    ,Manual       ,"21,889/m*" ,4.65L          ,None   ,             34.2  ,              ,2012 ,    21889.0
Hyundai Santa Fe       ,4 WD AT                            ,1.3L km    ,Diesel    ,Auto         ,"16,574/m*" ,4.99L          ,None   ,              1.3  ,              ,2014 ,    16574.0
Hyundai Verna          ,SX 1.5 l MPI                       ,18.04k km  ,Petrol    ,Manual       ,"20,462/m*" ,10.75L         ,None   ,             18.04 ,              ,2023 ,    20462.0
Hyundai NEW I20        ,SPORTZ 1.2 IVT                     ,15.18k km  ,Petrol    ,Auto         ,"16,160/m*" ,8.49L          ,None   ,             15.18 ,              ,2024 ,    16160.0
Hyundai Creta          ,SX AT 1.6 PETROL                   ,46.49k km  ,Petrol    ,Auto         ,"16,845/m*" ,8.85L          ,None   ,             46.49 ,              ,2019 ,    16845.0
Hyundai VENUE          ,SX PLUS 1.0 TURBO DCT              ,46.98k km  ,Petrol    ,Auto         ,"16,103/m*" ,8.46L          ,None   ,             46.98 ,              ,2021 ,    16103.0
Hyundai New Elantra    ,1.6 SX MT DIESEL                   ,1.3L km    ,Diesel    ,Manual       ,"18,170/m*" ,3.86L          ,None   ,              1.3  ,              ,2013 ,    18170.0
Hyundai New Elantra    ,1.6 CRDI                           ,1.0L km    ,Diesel    ,Manual       ,"33,141/m*" ,3.73L          ,None   ,              1.0  ,              ,2012 ,    33141.0
Hyundai NEW I20        ,SPORTZ 1.2 AT                      ,20.00k km  ,Petrol    ,Auto         ,"14,057/m*" ,7.19L          ,None   ,             20.0  ,              ,2021 ,    14057.0
Hyundai Creta          ,SX PLUS 1.6 PETROL                 ,34.24k km  ,Petrol    ,Manual       ,"15,132/m*" ,7.74L          ,None   ,             34.24 ,              ,2017 ,    15132.0
Hyundai VENUE          ,SX PLUS 1.0 TURBO DCT              ,34.39k km  ,Petrol    ,Auto         ,"15,265/m*" ,8.02L          ,None   ,             34.39 ,              ,2020 ,    15265.0
Hyundai VENUE          ,SX PLUS 1.0 TURBO DCT              ,63.04k km  ,Petrol    ,Auto         ,"14,956/m*" ,7.65L          ,None   ,             63.04 ,              ,2020 ,    14956.0
Hyundai Creta          ,SX AT 1.6 PETROL                   ,83.47k km  ,Petrol    ,Auto         ,"17,892/m*" ,9.40L          ,None   ,             83.47 ,              ,2019 ,    17892.0
Hyundai Verna          ,SX(O) 1.5 MPI IVT                  ,3.12k km   ,Petrol    ,Auto         ,"26,648/m*" ,14.00L         ,None   ,              3.12 ,              ,2023 ,    26648.0
Hyundai Creta          ,SX (O) AT 1.5 DIESEL               ,41.83k km  ,Diesel    ,Auto         ,"30,455/m*" ,16.00L         ,None   ,             41.83 ,              ,2022 ,    30455.0
Hyundai NEW I20        ,ASTA (O) 1.0 TURBO GDI DCT         ,51.64k km  ,Petrol    ,Auto         ,"16,617/m*" ,8.73L          ,None   ,             51.64 ,              ,2022 ,    16617.0
Hyundai Creta          ,S PLUS 1.4 TURBO DCT               ,34.42k km  ,Petrol    ,Auto         ,"24,744/m*" ,13.00L         ,None   ,             34.42 ,              ,2022 ,    24744.0
Hyundai EXTER          ,SX 1.2 MT Hy-CNG Duo               ,13.52k km  ,Petrol    ,Manual       ,"16,940/m*" ,8.90L          ,None   ,             13.52 ,              ,2024 ,    16940.0
Hyundai New Elantra    ,2.0 SX(O) AT PETROL                ,1.1L km    ,Petrol    ,Auto         ,"17,195/m*" ,7.73L          ,None   ,              1.1  ,              ,2017 ,    17195.0
Hyundai ALCAZAR        ,1.5 SIGNATURE (O) AT 6STR          ,37.33k km  ,Diesel    ,Auto         ,"31,635/m*" ,16.62L         ,None   ,             37.33 ,              ,2021 ,    31635.0
Hyundai Verna          ,SX (O) 1.5 VTVT IVT                ,9.07k km   ,Petrol    ,Auto         ,"30,455/m*" ,16.00L         ,None   ,              9.07 ,              ,2023 ,    30455.0
Hyundai EXTER          ,SX 1.2 CNG MT                      ,8.00k km   ,Petrol    ,Manual       ,"15,246/m*" ,8.01L          ,None   ,              8.0  ,              ,2024 ,    15246.0
Hyundai Verna          ,1.6 VTVT SX + AT                   ,14.59k km  ,Petrol    ,Auto         ,"15,551/m*" ,8.17L          ,None   ,             14.59 ,              ,2020 ,    15551.0
Hyundai Verna          ,1.5 TURBO GDI MT SX                ,18.30k km  ,Petrol    ,Manual       ,"22,841/m*" ,12.00L         ,None   ,             18.3  ,              ,2023 ,    22841.0
Hyundai NEW I20 N LINE ,N8 1.0 TURBO GDI IMT               ,38.90k km  ,Petrol    ,Manual       ,"13,196/m*" ,7.00L          ,6.75L  ,             38.9  ,         6.75 ,2022 ,    13196.0
Hyundai i20 Active     ,1.2 SX                             ,17.56k km  ,Petrol    ,Manual       ,"12,414/m*" ,6.35L          ,None   ,             17.56 ,              ,2018 ,    12414.0
Hyundai Santa Fe       ,4 WD AT                            ,95.59k km  ,Diesel    ,Auto         ,"25,442/m*" ,7.66L          ,None   ,             95.59 ,              ,2014 ,    25442.0
Hyundai XCENT PRIME    ,T  VTVT PLUS  CNG                  ,1.6L km    ,Petrol    ,Manual       ,"8,809/m*"  ,3.96L          ,None   ,              1.6  ,              ,2019 ,     8809.0
Hyundai i10            ,MAGNA 1.2                          ,39.60k km  ,Petrol    ,Manual       ,"8,863/m*"  ,1.00L          ,None   ,             39.6  ,              ,2011 ,     8863.0
Hyundai i20            ,MAGNA (O) 1.4 CRDI                 ,81.47k km  ,Diesel    ,Manual       ,"10,544/m*" ,2.24L          ,None   ,             81.47 ,              ,2013 ,    10544.0
Hyundai Verna          ,FLUIDIC 1.6 CRDI SX                ,1.3L km    ,Diesel    ,Manual       ,"15,016/m*" ,3.19L          ,None   ,              1.3  ,              ,2013 ,    15016.0
Hyundai Xcent          ,S (O) 1.2                          ,94.60k km  ,Petrol    ,Manual       ,"7,373/m*"  ,2.80L          ,None   ,             94.6  ,              ,2014 ,     7373.0
Hyundai i10            ,MAGNA 1.2                          ,94.31k km  ,Petrol    ,Manual       ,"7,061/m*"  ,1.50L          ,None   ,             94.31 ,              ,2012 ,     7061.0
Hyundai VENUE          ,S(O) 1.2                           ,4.97k km   ,Petrol    ,Manual       ,"17,549/m*" ,9.22L          ,None   ,              4.97 ,              ,2023 ,    17549.0
Hyundai Verna          ,FLUIDIC 1.6 VTVT S O AT            ,75.03k km  ,Petrol    ,Auto         ,"8,586/m*"  ,3.86L          ,None   ,             75.03 ,              ,2015 ,     8586.0
Hyundai VENUE N LINE   ,N6 1.0 TURBO DCT                   ,15.81k km  ,Petrol    ,Auto         ,"22,175/m*" ,11.65L         ,None   ,             15.81 ,              ,2023 ,    22175.0
Hyundai Elite i20      ,MAGNA 1.4 CRDI                     ,61.36k km  ,Diesel    ,Manual       ,"11,192/m*" ,4.25L          ,None   ,             61.36 ,              ,2015 ,    11192.0
Hyundai Elite i20      ,SPORTZ 1.2                         ,72.90k km  ,Petrol    ,Manual       ,"7,820/m*"  ,4.00L          ,None   ,             72.9  ,              ,2016 ,     7820.0
Hyundai Creta          ,SX AT 1.6 PETROL                   ,44.62k km  ,Petrol    ,Auto         ,"15,551/m*" ,8.17L          ,None   ,             44.62 ,              ,2019 ,    15551.0
Hyundai i10            ,SPORTZ 1.2                         ,53.84k km  ,Petrol    ,Manual       ,"11,550/m*" ,1.30L          ,None   ,             53.84 ,              ,2011 ,    11550.0
Hyundai Creta          ,SX PLUS 1.6 PETROL                 ,1.3L km    ,Petrol    ,Manual       ,"15,349/m*" ,6.90L          ,None   ,              1.3  ,              ,2015 ,    15349.0
Hyundai Eon            ,D-LITE+                            ,7.28k km   ,Petrol    ,Manual       ,"3,739/m*"  ,1.42L          ,None   ,              7.28 ,              ,2014 ,     3739.0
Hyundai Creta          ,SX PLUS AT 1.6 DIESEL              ,2.0L km    ,Diesel    ,Auto         ,"16,861/m*" ,7.58L          ,None   ,              2.0  ,              ,2016 ,    16861.0
Hyundai Creta          ,SX 1.6 PETROL                      ,43.66k km  ,Petrol    ,Manual       ,"15,362/m*" ,7.86L          ,None   ,             43.66 ,              ,2019 ,    15362.0
Hyundai Creta          ,SX PLUS 1.6 PETROL                 ,31.81k km  ,Petrol    ,Manual       ,"12,219/m*" ,6.25L          ,None   ,             31.81 ,              ,2016 ,    12219.0
Hyundai Elite i20      ,SPORTZ 1.2                         ,40.41k km  ,Petrol    ,Manual       ,"9,217/m*"  ,3.50L          ,None   ,             40.41 ,              ,2014 ,     9217.0
Hyundai Verna          ,FLUIDIC 1.6 VTVT SX AT             ,96.90k km  ,Petrol    ,Auto         ,"11,245/m*" ,4.27L          ,None   ,             96.9  ,              ,2014 ,    11245.0
Hyundai Creta          ,SX PLUS AT 1.6 PETROL              ,63.45k km  ,Petrol    ,Auto         ,"14,213/m*" ,7.27L          ,None   ,             63.45 ,              ,2017 ,    14213.0
Hyundai i20            ,ASTA 1.2                           ,44.90k km  ,Petrol    ,Manual       ,"8,743/m*"  ,3.85L          ,3.32L  ,             44.9  ,         3.32 ,2014 ,     8743.0
Hyundai Verna          ,FLUIDIC 1.4 VTVT                   ,64.70k km  ,Petrol    ,Manual       ,"12,945/m*" ,3.03L          ,2.75L  ,             64.7  ,         2.75 ,2012 ,    12945.0
Hyundai i10            ,MAGNA 1.2                          ,55.42k km  ,Petrol    ,Manual       ,"5,480/m*"  ,2.10L          ,1.65L  ,             55.42 ,         1.65 ,2013 ,     5480.0
Hyundai NEW I20 N LINE ,N6 1.0 TURBO GDI IMT               ,28.61k km  ,Petrol    ,Manual       ,"14,198/m*" ,9.04L          ,7.26L  ,             28.61 ,         7.26 ,2022 ,    14198.0
Hyundai Creta          ,S 1.4 DIESEL                       ,81.38k km  ,Diesel    ,Manual       ,"15,838/m*" ,9.09L          ,8.32L  ,             81.38 ,         8.32 ,2019 ,    15838.0
Hyundai NEW I20        ,ASTA 1.0 GDI TURBO DCT             ,71.36k km  ,Petrol    ,Auto         ,"13,142/m*" ,7.85L          ,6.72L  ,             71.36 ,         6.72 ,2020 ,    13142.0
Hyundai i20            ,ASTA 1.2                           ,71.71k km  ,Petrol    ,Manual       ,"12,474/m*" ,2.65L          ,None   ,             71.71 ,              ,2012 ,    12474.0
Hyundai Grand i10      ,MAGNA AT 1.2 KAPPA VTVT            ,55.95k km  ,Petrol    ,Auto         ,"7,820/m*"  ,4.06L          ,4.00L  ,             55.95 ,         4.0  ,2018 ,     7820.0
Hyundai Xcent          ,S 1.2                              ,36.89k km  ,Petrol    ,Manual       ,"6,673/m*"  ,3.37L          ,3.00L  ,             36.89 ,         3.0  ,2015 ,     6673.0
Hyundai Elite i20      ,ASTA 1.2                           ,40.91k km  ,Petrol    ,Manual       ,"7,674/m*"  ,3.45L          ,None   ,             40.91 ,              ,2015 ,     7674.0
